"id";"title";"vote_average";"vote_count";"status";"release_date";"revenue";"runtime";"budget";"imdb_id";"original_language";"original_title";"overview";"popularity";"tagline";"genres";"production_companies";"production_countries";"spoken_languages";"cast";"director";"director_of_photography";"writers";"producers";"music_composer";"imdb_rating";"imdb_votes";"poster_path";"";"";"";"";"";"";"";"";"";"";"";"";"";"";"";"";"";"";"";"";"";"";"";"";"";"";"";"";"";"";"";"";"";"";"";"";"";"";"";"";"";"";"";"";"";"";"";"";"";"";"";"";"";"";"";"";"";"";"";"";"";"";"";"";"";"";"";"";"";"";"";"";"";"";"";"";"";"";"";"";"";"";"";"";"";""
"2";"Ariel";"7.1";"335";"Released";"21-10-88";"0";"73";"0";"tt0094675";"fi";"Ariel";"After the coal mine he works at closes and his father commits suicide, a Finnish man leaves for the city to make a living but there, he is framed and imprisoned for various crimes.";"11.915";"";"Comedy, Drama, Romance, Crime";"Villealfa Filmproductions";"Finland";"suomi";"Heikki Salomaa, Hanna Jokinen, Matti Pellonpää, Pekka Wilen, Timo Toikka, Tomi Salmela, Tarja Keinänen, Kari Helaseppä, Markku Rantala, Heikki Anttila, Esko Nikkari, Timo Harakka, Mikko Remes, Erkki Pajala, Eetu Hilkamo, Hannu Kivisalo, Matti Jaaranen, Esko Salminen, Jaakko Talaskivi, Turo Pajala, Susanna Haavisto, Merja Pulkkinen, Pentti Auer, Jouko Lumme, Sami Lanki, Kauko Laalo, Reijo Marin, Sirkka Rautiainen, Sakari Kuosmanen, Juuso Hirvikangas, Marja Packalén, Mikko Lyytikäinen, Hannu Viholainen, Jorma Markkula, Veikko Uusimäki, Jyrki Olsonen, Olli Varja, Eino Kuusela, Timo Markko";"Aki Kaurismäki";"Timo Salminen";"Aki Kaurismäki";"Aki Kaurismäki";"";"7.4";"8797";"/ojDg0PGvs6R9xYFodRct2kdI6wC.jpg";"";"";"";"";"";"";"";"";"";"";"";"";"";"";"";"";"";"";"";"";"";"";"";"";"";"";"";"";"";"";"";"";"";"";"";"";"";"";"";"";"";"";"";"";"";"";"";"";"";"";"";"";"";"";"";"";"";"";"";"";"";"";"";"";"";"";"";"";"";"";"";"";"";"";"";"";"";"";"";"";"";"";"";"";"";""
"3";"Shadows in Paradise";"7.3";"369";"Released";"17-10-86";"0";"74";"0";"tt0092149";"fi";"Varjoja paratiisissa";"Nikander, a rubbish collector and would-be entrepreneur, finds his plans for success dashed when his business associate dies. One evening, he meets Ilona, a down-on-her-luck cashier, in a local supermarket. Falteringly, a bond begins to develop between them.";"16.287";"";"Comedy, Drama, Romance";"Villealfa Filmproductions";"Finland";"suomi, English, svenska";"Kati Outinen, Ulla Kuosmanen, Jaakko Talaskivi, Teuvo Rissanen, Bertta Pellonpää, Riikka Kuosmanen, Olli Varja, Malla Hukkanen, Jussi Tiitinen, Kylli Köngäs, Matti Pellonpää, Mari Rantasila, Marina Martinoff, Svante Korkiakoski, Ari Korhonen, Antti Ortamo, Helmeri Pellonpää, Sakke Järvenpää, Mato Valtonen, Erkki Rissanen, Pentti Koski, Aki Kaurismäki, Jukka Mäkinen, Eskil Mansikka, Pekka Laiho, Safka Pekkonen, Sirkka Silin, Haije Alanoja, Neka Haapanen, Tanja Talaskivi, Jukka-Pekka Palo, Sakari Kuosmanen, Esko Nikkari";"Aki Kaurismäki";"Timo Salminen";"Aki Kaurismäki";"Mika Kaurismäki";"";"7.5";"7569";"/nj01hspawPof0mJmlgfjuLyJuRN.jpg";"";"";"";"";"";"";"";"";"";"";"";"";"";"";"";"";"";"";"";"";"";"";"";"";"";"";"";"";"";"";"";"";"";"";"";"";"";"";"";"";"";"";"";"";"";"";"";"";"";"";"";"";"";"";"";"";"";"";"";"";"";"";"";"";"";"";"";"";"";"";"";"";"";"";"";"";"";"";"";"";"";"";"";"";"";""
"5";"Four Rooms";"5.8";"2628";"Released";"09-12-95";"4257354";"98";"4000000";"tt0113101";"en";"Four Rooms";"It's Ted the Bellhop's first night on the job...and the hotel's very unusual guests are about to place him in some outrageous predicaments. It seems that this evening's room service is serving up one unbelievable happening after another.";"21.312";"Twelve outrageous guests. Four scandalous requests. And one lone bellhop, in his first day on the job, who's in for the wildest New year's Eve of his life.";"Comedy";"Miramax, A Band Apart";"United States of America";"English";"Bruce Willis, Tamlyn Tomita, Ione Skye, Sammi Davis, Laura Rush, Amanda de Cadenet, Salma Hayek Pinault, Danny Verduzco, Antonio Banderas, Tim Roth, Paul Calderon, Lili Taylor, Valeria Golino, Paul Skemp, Marisa Tomei, Kathy Griffin, Lana McKissack, Patricia Vonne, Quentin Tarantino, Marc Lawrence, Alicia Witt, David Proval, Kimberly Blair, Madonna, Lawrence Bender, Jennifer Beals, Quinn Hellerman, Unruly Julie McClean";"Quentin Tarantino, Robert Rodriguez, Alexandre Rockwell, Allison Anders";"Guillermo Navarro, Andrzej Sekula, Phil Parmet, Rodrigo García";"Quentin Tarantino, Robert Rodriguez, Alexandre Rockwell, Allison Anders";"Quentin Tarantino, Alexandre Rockwell, Lawrence Bender";"Combustible Edison";"6.7";"112715";"/75aHn1NOYXh4M7L5shoeQ6NGykP.jpg";"";"";"";"";"";"";"";"";"";"";"";"";"";"";"";"";"";"";"";"";"";"";"";"";"";"";"";"";"";"";"";"";"";"";"";"";"";"";"";"";"";"";"";"";"";"";"";"";"";"";"";"";"";"";"";"";"";"";"";"";"";"";"";"";"";"";"";"";"";"";"";"";"";"";"";"";"";"";"";"";"";"";"";"";"";""
"6";"Judgment Night";"6.5";"331";"Released";"15-10-93";"12136938";"109";"21000000";"tt0107286";"en";"Judgment Night";"Four young friends, while taking a shortcut en route to a local boxing match, witness a brutal murder which leaves them running for their lives.";"8.924";"Don't move. Don't whisper. Don't even breathe.";"Action, Crime, Thriller";"Largo Entertainment, JVC, Universal Pictures";"United States of America";"English";"Cuba Gooding Jr., Peter Greene, David L. Crowley, Denis Leary, Eugene Williams, Robert S. Neville, Hank McGill, Darin Mangan, Will Zahrn, Stephen Dorff, Doug Wert, Angela Alvarado, Raichle Watt, Michael DeLorenzo, Michael Wiseman, Jeremy Piven, Nigel Gibbs, Galyn Görg, Michael Scranton, Kathleen Perkins, Christine Harnos, Lydell M. Cheshier, Relioues Webb, Emilio Estevez, Donovan D. Ross, Everlast, Sean O'Grady, Deirdre Kelly, Lauren Robinson, Stuart Abramson, Mark Phelan";"Stephen Hopkins";"Peter Levy";"Jere Cunningham, Lewis Colick";"Gene Levy, Lloyd Segan, Marilyn Vance";"Alan Silvestri";"6.6";"19333";"/3rvvpS9YPM5HB2f4HYiNiJVtdam.jpg";"";"";"";"";"";"";"";"";"";"";"";"";"";"";"";"";"";"";"";"";"";"";"";"";"";"";"";"";"";"";"";"";"";"";"";"";"";"";"";"";"";"";"";"";"";"";"";"";"";"";"";"";"";"";"";"";"";"";"";"";"";"";"";"";"";"";"";"";"";"";"";"";"";"";"";"";"";"";"";"";"";"";"";"";"";""
"8";"Life in Loops (A Megacities RMX)";"7.5";"27";"Released";"01-01-06";"0";"80";"42000";"tt0825671";"en";"Life in Loops (A Megacities RMX)";"Timo Novotny labels his new project an experimental music documentary film, in a remix of the celebrated film Megacities (1997), a visually refined essay on the hidden faces of several world \"\"megacities\"\" by leading Austrian documentarist Michael Glawogger. Novotny complements 30 % of material taken straight from the film (and re-edited) with 70 % as yet unseen footage in which he blends original shots unused by Glawogger with his own sequences (shot by Megacities cameraman Wolfgang Thaler) from Tokyo. Alongside the Japanese metropolis, Life in Loops takes us right into the atmosphere of Mexico City, New York, Moscow and Bombay. This electrifying combination of fascinating film images and an equally compelling soundtrack from Sofa Surfers sets us off on a stunning audiovisual adventure across the continents. The film also makes an original contribution to the discussion on new trends in documentary filmmaking. Written by KARLOVY VARY IFF 2006";"3.203";"A Megacities remix.";"Documentary";"inLoops";"Austria";"English, हिन्दी, 日本語, Pусский, Español";"";"Timo Novotny";"Wolfgang Thaler";"Michael Glawogger, Timo Novotny";"Ulrich Gehmacher, Timo Novotny";"";"8.2";"284";"/7ln81BRnPR2wqxuITZxEciCe1lc.jpg";"";"";"";"";"";"";"";"";"";"";"";"";"";"";"";"";"";"";"";"";"";"";"";"";"";"";"";"";"";"";"";"";"";"";"";"";"";"";"";"";"";"";"";"";"";"";"";"";"";"";"";"";"";"";"";"";"";"";"";"";"";"";"";"";"";"";"";"";"";"";"";"";"";"";"";"";"";"";"";"";"";"";"";"";"";""
"9";"Sunday in August";"7.135";"26";"Released";"02-09-04";"0";"15";"0";"tt0425473";"de";"Sonntag im August";"";"2.729";"";"Drama";"";"Germany";"Deutsch";"Rita Lengyel, Milton Welsh";"Marc Meyer, Anna Haas";"Peter Polsak-Lohmann";"Marc Meyer";"Marc Meyer";"Christian Biegai";"6.8";"14";"";"";"";"";"";"";"";"";"";"";"";"";"";"";"";"";"";"";"";"";"";"";"";"";"";"";"";"";"";"";"";"";"";"";"";"";"";"";"";"";"";"";"";"";"";"";"";"";"";"";"";"";"";"";"";"";"";"";"";"";"";"";"";"";"";"";"";"";"";"";"";"";"";"";"";"";"";"";"";"";"";"";"";"";"";"";""
"11";"Star Wars";"8.204";"20568";"Released";"25-05-77";"775398007";"121";"11000000";"tt0076759";"en";"Star Wars";"Princess Leia is captured and held hostage by the evil Imperial forces in their effort to take over the galactic Empire. Venturesome Luke Skywalker and dashing captain Han Solo team together with the loveable robot duo R2-D2 and C-3PO to rescue the beautiful princess and restore peace and justice in the Empire.";"99.22";"A long time ago in a galaxy far, far away...";"Adventure, Action, Science Fiction";"Lucasfilm Ltd., 20th Century Fox";"United States of America";"English";"Anthony Daniels, Kim Falkinburg, Anthony Forrest, Kenny Baker, Lightning Bear, Roy Straite, Barry Gnome, Frazer Diamond, Colin Higgins, Janice Burchette, Tim Condren, Joe Johnston, Mahjoub, Robert A. Denham, Frank Henson, Shelagh Fraser, David Prowse, Pam Rose, Fred Wood, Gilda Cohen, Garrick Hagon, Peter Sturgeon, Lorne Peterson, Leslie Schofield, Phil Tippett, Jeremy Sinden, Alex McCrindle, Larry Ward, Jon Berg, Carrie Fisher, Barry Copping, Burnell Tucker, Al Lampert, John Sylla, Reg Harding, Peter Cushing, Scott Beach, Geoffrey Moon, Steve Gawley, William Hootkins, Harry Fielder, Grant McCune, Hal Wamsley, Denis Lawson, Linda Jones, Anthony Lang, Phil Brown, Angela Staines, Frances Alfred Basil Tomlin, Harrison Ford, Colin Michael Kitchens, Peter Diamond, Derek Lyons, Sadie Eden, Mandy Morton, Malcolm Tierney, John Chapman, David Ankrum, John Cannon, Bill Weston, Rusty Goffe, Ted Burnett, Ted Gagliano, Isaac Grand, Robert Davies, Eddie Byrne, Alan Harris, Shane Rimmer, Mark Hamill, Peter Mayhew, Richard LeParmentier, Tiffany Hillkurtz, Don Henderson, Alfie Curtis, Salo Gardner, Paul Blake, Morgan Upton, Warwick Diamond, Tom Sylla, Maria De Aragon, Erica Simmons, Laine Liska, Peter Sumner, Graham Ashley, James Earl Jones, Jack Klaff, Jerry Walter, Jack Purvis, Tommy Ilsley, Diana Sadley Way, Drewe Henley, Michael Leader, Alf Mangan, Arthur Howell, George Stock, Annette Jones, Doug Beswick, Joe Kaye, Marcus Powell, Ron Tarr, Alec Guinness, Angus MacInnes, George Roubicek, Melissa Kurtz";"George Lucas";"Gilbert Taylor";"George Lucas";"Rick McCallum, George Lucas, Gary Kurtz";"John Williams";"8.6";"1480709";"/6FfCtAuVAW8XJjZ7eWeLibRLWTw.jpg";"";"";"";"";"";"";"";"";"";"";"";"";"";"";"";"";"";"";"";"";"";"";"";"";"";"";"";"";"";"";"";"";"";"";"";"";"";"";"";"";"";"";"";"";"";"";"";"";"";"";"";"";"";"";"";"";"";"";"";"";"";"";"";"";"";"";"";"";"";"";"";"";"";"";"";"";"";"";"";"";"";"";"";"";"";""
"12";"Finding Nemo";"7.819";"19180";"Released";"30-05-03";"940335536";"100";"94000000";"tt0266543";"en";"Finding Nemo";"Nemo, an adventurous young clownfish, is unexpectedly taken from his Great Barrier Reef home to a dentist's office aquarium. It's up to his worrisome father Marlin and a friendly but forgetful fish Dory to bring Nemo home -- meeting vegetarian sharks, surfer dude turtles, hypnotic jellyfish, hungry seagulls, and more along the way.";"102.869";"There are 3.7 trillion fish in the ocean. They're looking for one.";"Animation, Family";"Pixar";"United States of America";"English";"Bob Bergen, Ellen DeGeneres, Joe Ranft, Elizabeth Perkins, Michaela Jill Murphy, Alexander Gould, Danny Mann, Caroline Kindred, Vanessa Marano, Laura Marano, Evan Sabara, Brad Garrett, Geoffrey Rush, Jack Angel, Eliza Schneider, Ben Stanton, Jordan Ranft, Jess Harnell, Noah Luke, Daryl Sabara, James S. Baker, Jane Carr, Jan Rabson, Kali Whitehurst, Marc John Jefferies, Bruce Spence, Oliver Kindred, Rove McManus, Austin Pendleton, Vicki Lewis, Susan Blu, Barry Humphries, Erik Per Sullivan, Phil Proctor, Nicole Miller, Jim Ward, Leland Grossman, Nicholas Bird, Eric Bana, Jennifer Darling, Jeff Pidgeon, Laraine Newman, Lee Unkrich, Bobby Block, Geoff Brooks, John Ratzenberger, Erica Beck, Lili Ishida, Bradley Trevor Greive, Bill Hunter, Allison Janney, Lisa Peers, Aaron Fors, Andrew Stanton, LuLu Ebeling, Paul Eiding, Sherry Lynn, Mickie McGowan, Emmett Shoemaker, David Ian Salter, Stephen Root, Carlos Alazraqui, Alec Medlock, Annelise Nolting, Bob Peterson, Katherine Ringgold, Willem Dafoe, Albert Brooks";"Andrew Stanton";"Sharon Calahan, Jeremy Lasky";"Jim Capobianco, Blake Tucker, Andrew Stanton, Ronnie del Carmen, Bob Peterson, Will Csaklos, David Reynolds, Adam Bronstein";"Graham Walters, John Lasseter";"Thomas Newman";"8.2";"1137734";"/eHuGQ10FUzK1mdOY69wF5pGgEf5.jpg";"";"";"";"";"";"";"";"";"";"";"";"";"";"";"";"";"";"";"";"";"";"";"";"";"";"";"";"";"";"";"";"";"";"";"";"";"";"";"";"";"";"";"";"";"";"";"";"";"";"";"";"";"";"";"";"";"";"";"";"";"";"";"";"";"";"";"";"";"";"";"";"";"";"";"";"";"";"";"";"";"";"";"";"";"";""
"13";"Forrest Gump";"8.471";"27448";"Released";"23-06-94";"677387716";"142";"55000000";"tt0109830";"en";"Forrest Gump";"A man with a low IQ has accomplished great things in his life and been present during significant historic events—in each case, far exceeding what anyone imagined he could do. But despite all he has achieved, his one true love eludes him.";"105.126";"The world will never be the same once you've seen it through the eyes of Forrest Gump.";"Comedy, Drama, Romance";"Paramount Pictures, The Steve Tisch Company, Wendy Finerman Productions";"United States of America";"English";"Ione M. Telech, Tyler Long, Ben Waddel, Joe Washington, Hanna Hall, Marla Sucharetza, Al Harrington, Hallie D'Amore, Daniel Chamblin, Mykelti Williamson, Rob Adams, Markus Alexander, Michael Burgess, Harold G. Herthum, Pete Auster, Neal MacMillan, Peter Dobson, Marlena Smalls, Gerald Ford, Haley Joel Osment, Logan Livingston Gomez, John William Galt, Kevin Mangan, Eric Alan Wendell, Fay Genens, Michael Kemmerling, Aaron Izbicki, Danté McCarthy, Bonnie Ann Burgess, Mark Matheisen, Kevin Davis, James Ent, Ed Davis, Afemo Omilami, Dick Stilwell, Peter Bannon, Christopher Jones, John Lennon, Alexander Zemeckis, Robert F. Kennedy, John-Michael Steele, Sonny Shroyer, Ellsworth Hanna, Rebecca Williams, Lazarus Jackson, Darrell O'Cook, Natalie Hendrix Tate, Bobby Richardson, Bill Roberson, Jason McGuire, Kirk Ward, John Simmit, Bryan Hanna, Beau Lotterman, Paul Raczkowski, Russ Isles, John Voldstad, W. Benson Terry, Timothy Record, Michael Garvey, Bob Hope, David Brisbin, Juan Singleton, Aaron Michael Lacey, Gary Robinson, Vanessa Roth, Siobhan Fallon Hogan, John Randall, Joe Stefanelli, Matt Rebenkoff, Joe Alaskey, Chiffonye Cobb, Troy Christian, Todd Adamson, Lonnie Hamilton, Geoffrey Blake, Timothy McNeil, Scott Oliver, Richard Nixon, Jim Hanks, Lyndon B. Johnson, Angela Lomas, Robin Wright, Kurt Russell, Robb Skyler, Beth Aylward, Tim Perry, Christine Seabrook, Bob Harks, Jim Boeke, Charles Boswell, Andrew Lepper, Keri-Anne Bilotta, Steve DeRelian, Kenneth Bevington, Jeanne Hanna, George Kelly, Grand L. Bush, Byron Minns, Jeffrey Winner, Jenny Inge Devaney, Neil Armstrong, Darren W. Conrad, Elvis Presley, Sally Field, Nora Dunfee, Mary Ellen Trainor, Jack Bowden, Tom Hanks, Mike Jolly, Valentine, Jed Gillin, John Worsham, Michael Satterfield, Calvin Gadsden, Daniel J. Gillooly, Elizabeth Hanks, Richard D'Alessandro, Michael J. Oliver, Stephen Bridgewater, Bruce Lucvia, Tiffany Salerno, John Glenn Harding, Michael Jace, George Wallace, Margo Moorer, Hilary Chaplain, Arthur Bremer, Clint Calvert, Grady Bowman, Eric Underwood, Mark A. Rich, Brendan Shanahan, Brett Rice, John Connally, William Shipman, Joe Abby, Jim Keller, Sam Anderson, Jacqueline Lovell, Michael McFall, Zach Hanner, Ronald Reagan, Jay Ross, Michael Conner Humphreys, Leigh Goodoff, Emily Carey, Jim Damron, Michael Mattison, Lenny Herb, Isabel Rose, Aloysius Gigl, Teresa Denton, Frank Geyer, Dick Cavett, Daniel C. Striepeke, Rob Landry, Marcus Batton, Don Fischer, Zhuang Zedong, Christopher James Hall, Russ Wilson, Deborah McTeer, Bob Penny, Conor Kennelly, Greg Brown, Teddy Lane Jr., Michael Flannery, Paulie DiCocco, Matt Wallace, Steven Griffith, Ryan Duncan, Dick Clark, Gary Sinise, John F. Kennedy, Kitty K. Green";"Robert Zemeckis";"Don Burgess";"Eric Roth, Winston Groom";"Steve Starkey, Steve Tisch, Wendy Finerman";"Alan Silvestri";"8.8";"2323022";"/arw2vcBveWOVZr6pxd9XTd1TdQa.jpg";"";"";"";"";"";"";"";"";"";"";"";"";"";"";"";"";"";"";"";"";"";"";"";"";"";"";"";"";"";"";"";"";"";"";"";"";"";"";"";"";"";"";"";"";"";"";"";"";"";"";"";"";"";"";"";"";"";"";"";"";"";"";"";"";"";"";"";"";"";"";"";"";"";"";"";"";"";"";"";"";"";"";"";"";"";""
"14";"American Beauty";"8";"11990";"Released";"15-09-99";"356296601";"122";"15000000";"tt0169547";"en";"American Beauty";"Lester Burnham, a depressed suburban father in a mid-life crisis, decides to turn his hectic life around after developing an infatuation with his daughter's attractive friend.";"35.254";"Look closer.";"Drama";"DreamWorks Pictures, Jinks/Cohen Company";"United States of America";"English";"Amber Smith, Chelsea Hertford, Mona Leah, Kent Faulcon, Sue Casey, Chekesha Van Putten, Tom Miller, Spencer Kayden, Carolina Lancaster, Reshma Gajjar, Scott Bakula, Barry Del Sherman, Annette Bening, Dennis Anderson, Elaine Corral Kendall, Mena Suvari, Fort Atkinson, Heather Joy Sher, Nancy Anderson, Marissa Jaret Winokur, Allison Janney, Stephanie Rizzo, Ara Celi, Alison Faulk, John Cho, Lisa Cloud, Joel McCrary, Wes Bentley, Erin Cathryn Strubbe, Matthew Kimbrough, Brenda Wehle, Thora Birch, Kevin Spacey, Emily Zachary, Krista Goodsitt, Chris Cooper, Lily Houtkin, Bruce Cohen, Sam Robards, James Hunter, Peter Gallagher";"Sam Mendes";"Conrad L. Hall";"Alan Ball";"Bruce Cohen, Dan Jinks";"Thomas Newman";"8.3";"1230980";"/wby9315QzVKdW9BonAefg8jGTTb.jpg";"";"";"";"";"";"";"";"";"";"";"";"";"";"";"";"";"";"";"";"";"";"";"";"";"";"";"";"";"";"";"";"";"";"";"";"";"";"";"";"";"";"";"";"";"";"";"";"";"";"";"";"";"";"";"";"";"";"";"";"";"";"";"";"";"";"";"";"";"";"";"";"";"";"";"";"";"";"";"";"";"";"";"";"";"";""
"15";"Citizen Kane";"8.006";"5497";"Released";"17-04-41";"23218000";"119";"839727";"tt0033467";"en";"Citizen Kane";"Newspaper magnate Charles Foster Kane is taken from his mother as a boy and made the ward of a rich industrialist. As a result, every well-meaning, tyrannical or self-destructive move he makes for the rest of his life appears in some way to be a reaction to that deeply wounding event.";"23.937";"Some called him a hero...others called him a heel.";"Mystery, Drama";"Mercury Productions, RKO Radio Pictures";"United States of America";"English";"Harry Burkhardt, John McCormack, Charles Meakin, Russ Powell, Buddy Messinger, Edmund Cobb, George DeNormand, Edward Peil Jr., Harry J. Vejar, Dorothy Cleveland, James T. Mack, Mickey Martin, Frank O'Connor, Olin Francis, Guy Repp, Leda Nicova, William Alston, Jack Gwynne, Herman J. Mankiewicz, Jack Egan, Philip Morris, Bryan 'Slim' Hightower, Juanita Fields, Orson Welles, Finn Zirzow, Louise Currie, John Alban, Lew Harvey, Rudy Germane, George Noisom, Robert Haines, Joan Blair, Herbert Corthell, John Dilson, Robert Dudley, Tudor Williams, Sam Harris, Jack Gargan, Gohr Van Vleck, Walter James, Louis Natheaux, Alan Ladd, Renee Godfrey, Sam Rice, Edith Evanson, Paul Stewart, Georgia Backus, Irving Mitchell, Jack Raymond, Victor Romito, George Coulouris, Arthur Yeoman, Al Eben, Joseph Cotten, Harry A. Bailey, Suzanne Dulier, Maurice Costello, Henry Hebert, Teddy Mangean, J.J. Clark, Frank McLure, Carl Faulkner, Bob Terry, Bert Moorhouse, Tom Coleman, Richard Wilson, Ellen Lowe, Ruth Warrick, Thomas Pogue, Carmen Laroux, Danny Borzage, Larry Williams, Dorothy Comingore, Gene Coogan, Agnes Moorehead, Johnny Eckert, Louise Franklin, Paddy O'Flynn, Edna Mae Jones, Gregg Toland, William Alland, Joseph North, Sonny Bupp, Eddie Dew, Sally Corner, Milton Kibbee, Bud Geary, Shimen Ruskin, Perc Launders, Clyde McAtee, Eddie Coke, Field Norton, George Sherwood, Major McBride, Ludwig Lowry, Walter Sande, Thomas A. Curran, John Northpole, Tom Steele, Art Dupuis, Francis Sayles, Arthur Kay, Don Ackerman, Lillian Nicholson, Suzanne Ridgway, Hercules Mendez, Bert LeBaron, Walter Bacon, Bruce Sidney, Jan Wiley, Cyril Ring, Jimmy Grant, Walter Lawrence, Buck Mack, Jesse Graves, Philip Van Zandt, Gerald Pierce, Carl Deloro, Carl Ekberg, Sam Ash, Mitchell Ingraham, George W. Jimenez, Myrtle Rishell, Lillian O'Malley, Edward Ryan, Everett Sloane, Jolane Reynolds, Buddy Swan, Peter Gowland, Dick Scott, Terrance Ray, Harry Shannon, Mike Lally, William H. O'Brien, Ernest Grooney, Frances E. Neal, Charles Bennett, Gino Corrado, Gus Schilling, Arthur O'Connell, Erskine Sanford, Don Roberts, Jack Curtis, Fortunio Bonanova, Tim Davis, Ray Collins, Larry Wheat, Bert Stevens, Demetrius Alexis, Dona Dax, Morgan Brown, Landers Stevens, Benny Rubin, Roland Winters";"Orson Welles";"Gregg Toland";"Herman J. Mankiewicz, Orson Welles";"Orson Welles";"Bernard Herrmann";"8.3";"474287";"/sav0jxhqiH0bPr2vZFU0Kjt2nZL.jpg";"";"";"";"";"";"";"";"";"";"";"";"";"";"";"";"";"";"";"";"";"";"";"";"";"";"";"";"";"";"";"";"";"";"";"";"";"";"";"";"";"";"";"";"";"";"";"";"";"";"";"";"";"";"";"";"";"";"";"";"";"";"";"";"";"";"";"";"";"";"";"";"";"";"";"";"";"";"";"";"";"";"";"";"";"";""
"16";"Dancer in the Dark";"7.9";"1778";"Released";"01-09-00";"40061153";"140";"12500000";"tt0168629";"en";"Dancer in the Dark";"Selma, a Czech immigrant on the verge of blindness, struggles to make ends meet for herself and her son, who has inherited the same genetic disorder and will suffer the same fate without an expensive operation. When life gets too difficult, Selma learns to cope through her love of musicals, escaping life's troubles - even if just for a moment - by dreaming up little numbers to the rhythmic beats of her surroundings.";"19.391";"You don't need eyes to see.";"Drama, Crime";"Zentropa Entertainments, DR, SVT Drama, ARTE, France 3 Cinéma, Blind Spot Pictures, Liberator Productions, Íslenska kvikmyndasamsteypan, Pain Unlimited Filmproduktion, Trust Film Svenska, Cinematograph, What Else?, ARTE France Cinéma, Film i Väst, WDR";"Denmark, Finland, France, Germany, Iceland, Netherlands, Norway, Sweden";"English";"Fredrik Börgesson, Anders Tärneberg, Siobhan Fallon Hogan, Carl Johan De Neergaard, Elin Johansson, Erik Dammann, Andrew Lucre, Claus Berenhard, Mette Berggreen, Annette Lindholm, Bobo Eriksson, Peter Stormare, Anna Rosenberg, Sheldon Litt, Diana G.L. Watson, Catherine Deneuve, Eli Stalhand, David Morse, Birgitte Skands, Lars Michael Dinesen, Stellan Skarsgård, Anthony Ajoise Olufemi Jacob, John Martinus, Udo Kier, Katrine Falkenberg, John Randolph Jones, Vladica Kostic, Joel Grey, Luke Reilly, Sean-Michael Smith, Carol Linda Nielsen, Frederik Mondrup, Alexander Arli, Edvin Karsson, Jean-Marc Barr, Anna David, T.J. Rizzo, Nick Wolf, Timm Zimmermann, Anna Norberg, Erik Drugge, Caroline Sascha Cogez, Eric Voge, Reathel Bean, Cara Seymour, Cristian Valle, Marianne Bengtsson, Emilie Bendz, Anders Thorhauge, Noah Lazarus, Paprika Steen, Bjorn Ahlander, Alex Mouro, Anders-Peter Torsleff Hansen, Allan Gyldenkærne, Ana Christine Broström, Al Agami, Björk, Vincent Paterson, Ed Hickok, Karoliina Heiskanen, Troels Asmussen, Ami Eklöf-Annell, Britt Bendixen, Zeljko Ivanek, Jens Albinus, Michael Flessas, Bo Westerholm, Ann Crosset";"Lars von Trier";"Robby Müller";"Lars von Trier, Sjón";"Vibeke Windeløv, Peter Aalbæk Jensen, Leo Pescarolo";"Björk";"7.9";"118838";"/9rsivF4sWfmBzrNr4LPu6TNJhXX.jpg";"";"";"";"";"";"";"";"";"";"";"";"";"";"";"";"";"";"";"";"";"";"";"";"";"";"";"";"";"";"";"";"";"";"";"";"";"";"";"";"";"";"";"";"";"";"";"";"";"";"";"";"";"";"";"";"";"";"";"";"";"";"";"";"";"";"";"";"";"";"";"";"";"";"";"";"";"";"";"";"";"";"";"";"";"";""
"17";"The Dark";"5.8";"265";"Released";"28-09-05";"6593579";"87";"0";"tt0411267";"en";"The Dark";"In an attempt to pull her family together, Adèlle travels with her young daughter Sarah to Wales to visit her father. The morning after they arrive, Sarah mysteriously vanishes in the ocean. Not long after, a little girl bearing a striking resemblance to their missing daughter reveals that she has retuned from the dead  — and that Sarah has been taken to the Welsh underworld.";"12.67";"One of the living for one of the dead.";"Horror, Thriller, Mystery";"Constantin Film, Impact Pictures, Isle of Man Film, UK Film Council";"Germany, United Kingdom";"Cymraeg, English";"Sean Bean, Gwenyth Petty, Robin Griffith, Eluned Jones, Sophie Stuckey, Maurice Roëves, Casper Harvey, Tonya Smith, Abigail Stone, Richard Elfyn, Maria Bello";"John Fawcett";"Christian Sebaldt";"Rory Gilmartin, Stephen Massicotte, Simon Maginn";"Jeremy Bolt, Steve Christian, Robert Kulzer, Paul W. S. Anderson, Paul Tamasy";"Edmund Butt";"5.3";"11558";"/h6gCVAzjFLhzkffv2VZO1RgVCBt.jpg";"";"";"";"";"";"";"";"";"";"";"";"";"";"";"";"";"";"";"";"";"";"";"";"";"";"";"";"";"";"";"";"";"";"";"";"";"";"";"";"";"";"";"";"";"";"";"";"";"";"";"";"";"";"";"";"";"";"";"";"";"";"";"";"";"";"";"";"";"";"";"";"";"";"";"";"";"";"";"";"";"";"";"";"";"";""
"18";"The Fifth Element";"7.6";"10657";"Released";"02-05-97";"263920180";"126";"90000000";"tt0119116";"en";"The Fifth Element";"In 2257, a taxi driver is unintentionally given the task of saving a young girl who is part of the key that will ensure the survival of humanity.";"70.4";"There is no future without it.";"Science Fiction, Action, Adventure";"Gaumont";"France";"English, svenska, Deutsch";"Kristen Fick, Leon Dekker, Julie T. Wallace, John Bluthal, David Garvey, Tricky, Christopher Adamson, Geoff Boothby, Jill Mullan, Kim Chan, Maïwenn, Clifton Lloyd Bryan, Gillian M. Berrow, Tyrone Tyrell, Gito Santana, Roy Garcia Singh, Riz Meedin, Frank Senger, Kevin Molloy, Laura De Palma, Inva Mula, Martin McDougall, Sibyl Buck, Alan Ruscoe, Stanley Kowalski, Paul Priestley, Michael Culkin, Zeta Graff, Cecil Cheng, Carlton Chance, Stewart Harvey-Wilson, Alex Georgijev, Richard Leaf, John Neville, Rachel Willis, Scott Woods, John Bennett, Ian Holm, David Barrass, Hon Ping Tang, Charlie Creed-Miles, Richard Ashton, Lee Evans, Marie Guillard, Gin Clarke, Nathan Hamlett, Colin Brooks, Kamay Lau, Grant James, Omar Hibbert Williams, Anita Koh, David Kennedy, Patrick Nicholls, Kevin Brewerton, Tommy Lister Jr., Ali Yassine, Fred Williams, Aron Paramor, Ian Beckett, Genevieve Maylam, Fred Wood, Jerome St. John Blake, Brion James, Christopher Fairbank, Robert Alexander, Jerry Ezekiel, Mathieu Kassovitz, Al Matthews, Milla Jovovich, Justin Lee Burrows, Vincenzo Pellegrino, Sonita Henry, Sonny Caldinez, Eddie Ellwood, Nicole Merry, Dane Messam, Derek Ezenagu, Peter Dunwell, Stacey McKenzie, Robert Oates, John Sharian, Indra Ové, George Khan, Said Talidi, Robert Clapperton, Ivan Heng, Vladimir McCrary, Josie Perez, Gary Oldman, Yui, Joss Skottowe, Roberto Bryce, John Hughes, Mark Seaton, J.D. Dawodu, Leo Williams, Jean-Luc Caron, Shaun Davis, Chris Tucker, Kaleem Janjua, Sean Buckley, Mac McDonald, Sam Douglas, Ève Salvail, Mia Frye, Stina Richardson, Sophia Goth, Luke Perry, C. Keith Martin, Tracy Redington, Tim McMullan, Bruce Willis, Jason Salkey, David Fishley, Renee Montemayor, Sarah Carrington, Natasha Brice, François Guillaume, Roger Monk, Lenny McLean, Anthony Chinn, Roger Wright, Bill Reimbold";"Luc Besson";"Nick Tebbet, Thierry Arbogast";"Luc Besson, Robert Mark Kamen";"Patrice Ledoux";"Éric Serra";"7.6";"518073";"/fPtlCO1yQtnoLHOwKtWz7db6RGU.jpg";"";"";"";"";"";"";"";"";"";"";"";"";"";"";"";"";"";"";"";"";"";"";"";"";"";"";"";"";"";"";"";"";"";"";"";"";"";"";"";"";"";"";"";"";"";"";"";"";"";"";"";"";"";"";"";"";"";"";"";"";"";"";"";"";"";"";"";"";"";"";"";"";"";"";"";"";"";"";"";"";"";"";"";"";"";""
"19";"Metropolis";"8.1";"2742";"Released";"06-02-27";"1350322";"148";"5300000";"tt0017136";"de";"Metropolis";"In a futuristic city sharply divided between the rich and the poor, the son of the city's mastermind meets a prophet who predicts the coming of a savior to mediate their differences.";"27.442";"There can be no understanding between the hands and the brain unless the heart acts as mediator.";"Drama, Science Fiction";"UFA";"Germany";"No Language";"Fritz Rasp, Gottfried Huppertz, Erwin Biswanger, Georg John, Arthur Reinhardt, Helen von Münchofen, Hanns Leo Reich, Grete Berger, Olly Boeheim, Brigitte Helm, Henrietta Siodmak, Rudolf Klein-Rogge, Helene Weigel, Gustav Fröhlich, Heinrich Gotho, Heinrich George, Rolf von Goth, Theodor Loos, Alfred Abel, Olaf Storm, Curt Siodmak, Rose Lichtenstein, Margarete Lanner, Fritz Alberti";"Fritz Lang";"Walter Ruttmann, Günther Rittau, Karl Freund";"Thea von Harbou, Fritz Lang";"Erich Pommer";"Gottfried Huppertz, Otto Harzner";"8.3";"190307";"/vZIJxGnjcswPCAa52jhbl01FQkV.jpg";"";"";"";"";"";"";"";"";"";"";"";"";"";"";"";"";"";"";"";"";"";"";"";"";"";"";"";"";"";"";"";"";"";"";"";"";"";"";"";"";"";"";"";"";"";"";"";"";"";"";"";"";"";"";"";"";"";"";"";"";"";"";"";"";"";"";"";"";"";"";"";"";"";"";"";"";"";"";"";"";"";"";"";"";"";""
"20";"My Life Without Me";"6";"457";"Released";"07-03-03";"12300000";"106";"2500000";"tt0314412";"en";"My Life Without Me";"A fatally ill mother with only two months to live creates a list of things she wants to do before she dies without telling her family of her illness.";"15.022";"What you are… is what you leave behind.";"Drama, Romance";"El Deseo, Milestone Productions";"Canada, Spain";"English";"Amanda Plummer, Julian Richings, Maria de Medeiros, Esther García, Leonor Watling, Scott Speedman, Kenya Jo Kennedy, Debbie Harry, Alfred Molina, Camille Martinez, Sarah Polley, Mark Ruffalo, Jessica Amlee";"Isabel Coixet";"Jean-Claude Larrieu";"Isabel Coixet, Nanci Kincaid";"Gordon McLennan, Ogden Gavanski, Esther García, Agustín Almodóvar, Pedro Almodóvar";"Alfonso Vilallonga";"7.4";"26063";"/pFEtVPW88pWflYV84UFL0h1iJr3.jpg";"";"";"";"";"";"";"";"";"";"";"";"";"";"";"";"";"";"";"";"";"";"";"";"";"";"";"";"";"";"";"";"";"";"";"";"";"";"";"";"";"";"";"";"";"";"";"";"";"";"";"";"";"";"";"";"";"";"";"";"";"";"";"";"";"";"";"";"";"";"";"";"";"";"";"";"";"";"";"";"";"";"";"";"";"";""
"21";"The Endless Summer";"7.211";"114";"Released";"15-06-66";"0";"91";"50000";"tt0060371";"en";"The Endless Summer";"Bruce Brown's The Endless Summer is one of the first and most influential surf movies of all time. The film documents American surfers Mike Hynson and Robert August as they travel the world during California’s winter (which, back in 1965 was off-season for surfing) in search of the perfect wave and ultimately, an endless summer.";"7.768";"The Search for the Perfect Wave!";"Documentary";"Bruce Brown Films";"United States of America";"English";"Wayne Miyata, Robert August, Chuck Gardner, Lord James Blears, Chip Fitzwater, Michael Hynson, Bruce Brown";"Bruce Brown";"Bruce Brown";"Bruce Brown";"Robert Bagley, Bruce Brown";"Walter Georis, Gaston Georis, John Blakeley";"7.6";"6452";"/5W5uaqQ7NZTwoDMKO4AtdcahHex.jpg";"";"";"";"";"";"";"";"";"";"";"";"";"";"";"";"";"";"";"";"";"";"";"";"";"";"";"";"";"";"";"";"";"";"";"";"";"";"";"";"";"";"";"";"";"";"";"";"";"";"";"";"";"";"";"";"";"";"";"";"";"";"";"";"";"";"";"";"";"";"";"";"";"";"";"";"";"";"";"";"";"";"";"";"";"";""
"22";"Pirates of the Caribbean: The Curse of the Black Pearl";"7.8";"20598";"Released";"09-07-03";"655011224";"143";"140000000";"tt0325980";"en";"Pirates of the Caribbean: The Curse of the Black Pearl";"After Port Royal is attacked and pillaged by a mysterious pirate crew, capturing the governor's daughter Elizabeth Swann in the process, William Turner asks free-willing pirate Jack Sparrow to help him locate the crew's ship—The Black Pearl—so that he can rescue the woman he loves.";"112.638";"Prepare to be blown out of the water.";"Adventure, Fantasy, Action";"Walt Disney Pictures, Jerry Bruckheimer Films";"United States of America";"English";"Mackenzie Crook, Damian O'Hare, Ian McIntyre, Geoffrey Rush, Don LaDaga, Trevor Goddard, Gregory Ryan Alosio, Mike Babcock, Treva Etienne, Christopher S. Capp, Vanessa Branch, Jonathan Pryce, Gerard J. Reyes, Tommy Schooler, Fred Toft, José Zelaya, Lauren Maher, Orlando Bloom, Owen Finnegan, Rudolph McCollum, Lee Arenberg, Israel Aduramo, Keira Knightley, Angus Barnett, LeJon Stewart, Christopher Sullivan, Joe Grisaffi, Martin Klebba, Paula J. Newman, Dylan Smith, Kevin McNally, Paul Keith, D.P. FitzGerald, Luke de Woolfson, Michael Earl Lane, Tobias McKinney, Craig Thomson, Paul Gagné, Antonio Valentino, Vince Lozano, Jerry Gauny, Ben Wilson, Christian Martin, Johnny Depp, Ben Roberts, Lucinda Dryzek, Isaac C. Singleton Jr., Dustin Seavey, David Patykewich, Finneus Egan, Michael W. Williams, Michael Sean Tighe, M. Scott Shields, Michael Berry Jr., Mike Haberecht, Tamara Castle, David Bailie, Guy Siner, Jack Davenport, Ralph P. Martin, Zoe Saldaña, Félix Castro, Brye Cooper, Sam Roberts, Michael A. Thompson, Maxie J. Santillan Jr., James McAuley, Giles New, Matthew Bowyer, Jordi Caballero, Greg Ellis";"Gore Verbinski";"Dariusz Wolski";"Terry Rossio, Stuart Beattie, Jay Wolpert, Ted Elliott";"Mike Stenson, Bruce Hendricks, Paul Deason, Chad Oman, Jerry Bruckheimer";"Klaus Badelt";"8.1";"1240070";"/poHwCZeWzJCShH7tOjg8RIoyjcw.jpg";"";"";"";"";"";"";"";"";"";"";"";"";"";"";"";"";"";"";"";"";"";"";"";"";"";"";"";"";"";"";"";"";"";"";"";"";"";"";"";"";"";"";"";"";"";"";"";"";"";"";"";"";"";"";"";"";"";"";"";"";"";"";"";"";"";"";"";"";"";"";"";"";"";"";"";"";"";"";"";"";"";"";"";"";"";""
"24";"Kill Bill: Vol. 1";"7.97";"17359";"Released";"10-10-03";"180906076";"111";"30000000";"tt0266697";"en";"Kill Bill: Vol. 1";"An assassin is shot by her ruthless employer, Bill, and other members of their assassination circle – but she lives to plot her vengeance.";"93.288";"A roaring rampage of revenge.";"Action, Crime";"Miramax, A Band Apart, Super Cool ManChu";"United States of America";"English, 日本語, Français";"Michael Madsen, Shun Sugata, Sō Yamanaka, Yuki Kazamatsuri, Julie Dreyfus, Yoshiyuki Morishita, Ambrosia Kelley, James Parks, Shu Lan Tuan, Uma Thurman, Kenji Ohba, Juri Manase, Sakichi Sato, Hikaru Midorikawa, Yoji Tanaka, Vivica A. Fox, Issey Takahashi, Hu Xiaohui, Zhang Jinzhan, Michael Parks, Akaji Maro, Sachiko Fujii, Naomi Kusumi, Lucy Liu, Sonny Chiba, Michael Bowen, Jonathan Loughran, Gordon Liu Chia-hui, Ai Maeda, Daryl Hannah, Jun Kunimura, Yoshiko Yamaguchi, Chiaki Kuriyama, David Carradine, Kazuki Kitamura, Goro Daimon, Ronnie Yoshiko Fujiyama, Tetsuro Shimaguchi";"Quentin Tarantino";"Robert Richardson";"Quentin Tarantino, Uma Thurman";"Katsuji Morishita, Lawrence Bender, Bob Weinstein, Mitsuhisa Ishikawa, Harvey Weinstein, E. Bennett Walsh, Erica Steinberg";"RZA";"8.2";"1224446";"/v7TaX8kXMXs5yFFGR41guUDNcnB.jpg";"";"";"";"";"";"";"";"";"";"";"";"";"";"";"";"";"";"";"";"";"";"";"";"";"";"";"";"";"";"";"";"";"";"";"";"";"";"";"";"";"";"";"";"";"";"";"";"";"";"";"";"";"";"";"";"";"";"";"";"";"";"";"";"";"";"";"";"";"";"";"";"";"";"";"";"";"";"";"";"";"";"";"";"";"";""
"25";"Jarhead";"6.7";"2851";"Released";"04-11-05";"97076152";"123";"72000000";"tt0418763";"en";"Jarhead";"Jarhead is a film about a US Marine Anthony Swofford’s experience in the Gulf War. After putting up with an arduous boot camp, Swofford and his unit are sent to the Persian Gulf where they are eager to fight, but are forced to stay back from the action. Swofford struggles with the possibility of his girlfriend cheating on him, and as his mental state deteriorates, his desire to kill increases.";"28.3";"Welcome to the suck.";"Drama, War";"Red Wagon Entertainment, Neal Street Productions";"United Kingdom, United States of America";"English, Español, العربية, Latin";"Riad Galayini, Katherine Randolph, Jocko Sims, Brianne Davis, Chris Cooper, Todd Jensen, Nick Dash, Laz Alonso, Jacob Vargas, Scott MacDonald, Evan Jones, Iván Fenyő, Brian Geraghty, Craig Coyne, Rini Bell, Mark Davis, Kevin Foster, Becky Boxer, Kareem J. Grimes, Peter Sarsgaard, James Morrison, Lucas Black, Jake Gyllenhaal, Ming Lo, Dendrie Taylor, Jamie Foxx, Dennis Haysbert, Damion Poitier, John Krasinski, Martin Papazian";"Sam Mendes";"Roger Deakins";"William Broyles Jr., Sam Chouia, Anthony Swofford";"Lucy Fisher, Douglas Wick, Bobby Cohen, Sam Mercer";"Thomas Newman";"7";"212081";"/4rCzaZy5Qkvxh5xaVpHriXSLTgC.jpg";"";"";"";"";"";"";"";"";"";"";"";"";"";"";"";"";"";"";"";"";"";"";"";"";"";"";"";"";"";"";"";"";"";"";"";"";"";"";"";"";"";"";"";"";"";"";"";"";"";"";"";"";"";"";"";"";"";"";"";"";"";"";"";"";"";"";"";"";"";"";"";"";"";"";"";"";"";"";"";"";"";"";"";"";"";""
"26";"Walk on Water";"6.941";"85";"Released";"05-02-04";"444";"103";"1400000";"tt0352994";"he";"LaLehet Al HaMayim";"Eyal, an Israeli Mossad agent, is given the mission to track down and kill the very old Alfred Himmelman, an ex-Nazi officer, who might still be alive. Pretending to be a tourist guide, he befriends his grandson Axel, in Israel to visit his sister Pia. The two men set out on a tour of the country, during which Axel challenges Eyal's values.";"11.494";"He was trained to hate until he met the enemy.";"Drama";"Lama Films, United King Films";"Israel, Sweden";"English, العربية, עִבְרִית, Deutsch, Türkçe, Italiano";"Ernest Lenart, Hanns Zischler, Caroline Peters, Carola Regnier, Knut Berger, Lior Ashkenazi, Gideon Shemer";"Eytan Fox";"Tobias Hochstein";"Gal Uchovsky";"Gal Uchovsky, Amir Harel";"Ivri Lider";"7.3";"7107";"/mVWFN3RaBFLuJRtRLPebatX9qPq.jpg";"";"";"";"";"";"";"";"";"";"";"";"";"";"";"";"";"";"";"";"";"";"";"";"";"";"";"";"";"";"";"";"";"";"";"";"";"";"";"";"";"";"";"";"";"";"";"";"";"";"";"";"";"";"";"";"";"";"";"";"";"";"";"";"";"";"";"";"";"";"";"";"";"";"";"";"";"";"";"";"";"";"";"";"";"";""
"27";"9 Songs";"5.6";"506";"Released";"16-07-04";"1574623";"69";"1000000";"tt0411705";"en";"9 Songs";"Matt, a young glaciologist, soars across the vast, silent, icebound immensities of the South Pole as he recalls his love affair with Lisa. They meet at a mobbed rock concert in a vast music hall - London's Brixton Academy. They are in bed at night's end. Together, over a period of several months, they pursue a mutual sexual passion whose inevitable stages unfold in counterpoint to nine live-concert songs.";"27.46";"2 lovers, one summer, and the 9 songs that defined them.";"Drama, Music, Romance";"Revolution Films";"United Kingdom";"English";"Guy Garvey, Gruff Rhys, Robert Levon Been, Jason Stollsteimer, Marcie Bolen, Bobby Gillespie, Courtney Taylor-Taylor, Michael Nyman, Alex Kapranos, Kieran O'Brien, Margo Stilley, Peter Hayes";"Michael Winterbottom";"Marcel Zyskind";"Michael Winterbottom";"Michael Winterbottom, Andrew Eaton";"";"4.8";"24410";"/91O7z0vo7MiNWd5xD2BoivwbQsb.jpg";"";"";"";"";"";"";"";"";"";"";"";"";"";"";"";"";"";"";"";"";"";"";"";"";"";"";"";"";"";"";"";"";"";"";"";"";"";"";"";"";"";"";"";"";"";"";"";"";"";"";"";"";"";"";"";"";"";"";"";"";"";"";"";"";"";"";"";"";"";"";"";"";"";"";"";"";"";"";"";"";"";"";"";"";"";""
"28";"Apocalypse Now";"8.3";"8210";"Released";"15-08-79";"150000000";"147";"31500000";"tt0078788";"en";"Apocalypse Now";"At the height of the Vietnam war, Captain Benjamin Willard is sent on a dangerous mission that, officially, \"does not exist, nor will it ever exist.\" His goal is to locate - and eliminate - a mysterious Green Beret Colonel named Walter Kurtz, who has been leading his personal army on illegal guerrilla missions into enemy territory.";"55.577";"This is the end...";"Drama, War";"United Artists, American Zoetrope";"United States of America";", English, Français, Tiếng Việt";"Colleen Camp, Kerry Rossall, Frank Villard, Linda Carpenter, Jack Thibeau, Cynthia Wood, Nick Nicholson, Dennis Hopper, Charles Robinson, Jim Gaines, Frederic Forrest, Scott Glenn, R. Lee Ermey, Robert Duvall, Evan A. Lottman, Albert Hall, Vittorio Storaro, Marlon Brando, Aurore Clément, Henry Strzalkowski, Jerry Ziesmer, G. D. Spradlin, Don Gordon Bell, Herb Rice, Martin Sheen, Damien Leake, Joe Estevez, Harrison Ford, Marc Coppola, James Keane, Bill Graham, Jerry Ross, Bo Byers, Francis Ford Coppola, Glenn Walken, Sam Bottoms, Tom Mason, Laurence Fishburne";"Francis Ford Coppola";"Vittorio Storaro";"Michael Herr, Joseph Conrad, John Milius, Francis Ford Coppola";"Francis Ford Coppola";"Francis Ford Coppola, Carmine Coppola";"8.4";"726511";"/gQB8Y5RCMkv2zwzFHbUJX3kAhvA.jpg";"";"";"";"";"";"";"";"";"";"";"";"";"";"";"";"";"";"";"";"";"";"";"";"";"";"";"";"";"";"";"";"";"";"";"";"";"";"";"";"";"";"";"";"";"";"";"";"";"";"";"";"";"";"";"";"";"";"";"";"";"";"";"";"";"";"";"";"";"";"";"";"";"";"";"";"";"";"";"";"";"";"";"";"";"";""
"33";"Unforgiven";"7.914";"4385";"Released";"07-08-92";"159157447";"130";"14400000";"tt0105695";"en";"Unforgiven";"William Munny is a retired, once-ruthless killer turned gentle widower and hog farmer. To help support his two motherless children, he accepts one last bounty-hunter mission to find the men who brutalized a prostitute. Joined by his former partner and a cocky greenhorn, he takes on a corrupt sheriff.";"41.176";"Some legends will never be forgotten. Some wrongs can never be forgiven.";"Western";"Warner Bros. Pictures, Malpaso Productions";"United States of America";"English";"Frances Fisher, David Mucci, Garner Butler, Tara Frederick, Morgan Freeman, Robert Koons, Beverley Elliott, William Davidson, James Herman, Philip Maurice Hayes, Paul Anthony McLean, Saul Rubinek, Henry Kope, John Pyper-Ferguson, Jaimz Woolvett, Anna Thomson, Larry Reese, Frank C. Turner, Sam Karas, Michael Charrois, Larry Joshua, Rob Campbell, Richard Harris, Jefferson Mappin, Liisa Repo-Martell, Ron White, Josie Smith, Anthony James, Greg Goossen, Aline Levasseur, Cherrilene Cardinal, Mina E. Mina, Michael Maurer, Gene Hackman, Lochlyn Munro, Jeremy Ratchford, Blair Haynes, Shane Meier, Ben Cardinal, George Orrison, Walter Marsh, Clint Eastwood";"Clint Eastwood";"Jack N. Green";"David Webb Peoples";"David Valdes, Clint Eastwood";"Lennie Niehaus";"8.2";"444847";"/54roTwbX9fltg85zjsmrooXAs12.jpg";"";"";"";"";"";"";"";"";"";"";"";"";"";"";"";"";"";"";"";"";"";"";"";"";"";"";"";"";"";"";"";"";"";"";"";"";"";"";"";"";"";"";"";"";"";"";"";"";"";"";"";"";"";"";"";"";"";"";"";"";"";"";"";"";"";"";"";"";"";"";"";"";"";"";"";"";"";"";"";"";"";"";"";"";"";""
"35";"The Simpsons Movie";"7";"7952";"Released";"25-07-07";"527068851";"87";"75000000";"tt0462538";"en";"The Simpsons Movie";"After Homer accidentally pollutes the town's water supply, Springfield is encased in a gigantic dome by the EPA and the Simpsons are declared fugitives.";"71.73";"In a time when computer animation gives us worlds of unsurpassed beauty, one film dares to be ugly.";"Animation, Comedy, Family";"Gracie Films, 20th Century Fox";"United States of America";"English";"Dan Castellaneta, Billie Joe Armstrong, Yeardley Smith, Karl Wiedergott, Mike Dirnt, Tress MacNeille, Russi Taylor, Tré Cool, Marcia Wallace, Tom Hanks, Maggie Roswell, Phil Rosenthal, Albert Brooks, Julie Kavner, Joe Mantegna, Nancy Cartwright, Pamela Hayden, Hank Azaria, Harry Shearer";"David Silverman";"";"David Mirkin, Matt Selman, Mike Reiss, Ian Maxtone-Graham, Al Jean, Sam Simon, James L. Brooks, Jon Vitti, Mike Scully, John Swartzwelder, Matt Groening, George Meyer";"Claudia Katz, Jay Kleckner, Al Jean, James L. Brooks, Richard Sakai, Felicia Nalivansky, Mike Scully, Matt Orefice, Nikki Vanzo, Amanda Moshay, Matt Groening, Peter Gave";"Hans Zimmer";"7.3";"354701";"/waWXo6lv77EwKxX50MadlXrwtE4.jpg";"";"";"";"";"";"";"";"";"";"";"";"";"";"";"";"";"";"";"";"";"";"";"";"";"";"";"";"";"";"";"";"";"";"";"";"";"";"";"";"";"";"";"";"";"";"";"";"";"";"";"";"";"";"";"";"";"";"";"";"";"";"";"";"";"";"";"";"";"";"";"";"";"";"";"";"";"";"";"";"";"";"";"";"";"";""
"38";"Eternal Sunshine of the Spotless Mind";"8.097";"14929";"Released";"19-03-04";"72258126";"108";"20000000";"tt0338013";"en";"Eternal Sunshine of the Spotless Mind";"Joel Barish, heartbroken that his girlfriend underwent a procedure to erase him from her memory, decides to do the same. However, as he watches his memories of her fade away, he realises that he still loves her, and may be too late to correct his mistake.";"109.577";"You can erase someone from your mind. Getting them out of your heart is another story.";"Science Fiction, Drama, Romance";"Focus Features, Anonymous Content, This is that";"United States of America";"English";"Kate Winslet, Kirsten Dunst, Lauren Adler, Elijah Wood, Lola Daehler, David Cross, Thomas Jay Ryan, Paulie Litt, Jim Carrey, Jane Adams, Brian Price, Josh Flitter, Amir Ali Said, Gerry Robert Byrne, Deirdre O'Connell, Mark Ruffalo, Debbon Ayer, Ryan Whitney, Tom Wilkinson";"Michel Gondry";"Ellen Kuras";"Michel Gondry, Pierre Bismuth, Charlie Kaufman";"David L. Bushell, Georges Bermann, Charlie Kaufman, Steve Golin, Glenn Williamson, Anthony Bregman";"Jon Brion";"8.3";"1108046";"/5MwkWH9tYHv3mV9OdYTMR5qreIz.jpg";"";"";"";"";"";"";"";"";"";"";"";"";"";"";"";"";"";"";"";"";"";"";"";"";"";"";"";"";"";"";"";"";"";"";"";"";"";"";"";"";"";"";"";"";"";"";"";"";"";"";"";"";"";"";"";"";"";"";"";"";"";"";"";"";"";"";"";"";"";"";"";"";"";"";"";"";"";"";"";"";"";"";"";"";"";""
"55";"Amores Perros";"7.6";"2571";"Released";"16-06-00";"20908467";"154";"2000000";"tt0245712";"es";"Amores perros";"A fatalistic car crash in Mexico city sets off a chain of events in the lives of three people: a supermodel, a young man wanting to run off with his sister-in-law, and a homeless man. Their lives are catapulted into unforeseen situations instigated by the seemingly inconsequential destiny of a dog.";"32.496";"Love. Betrayal. Death.";"Drama, Thriller";"Altavista Films, Zeta Film";"Mexico";"Español";"Vanessa Bauche, Lourdes Echevarría, Emilio Echevarría, Álvaro Guerrero, Laura Almela, Gael García Bernal, Patricio Castillo, Jorge Salinas, Goya Toledo, Humberto Busto, Carlos Samperio, Roberto Medina, Gustavo Muñoz, Rodrigo Ostap, Ricardo Dalmacci, Adriana Barraza, Dunia Saldívar, Rodrigo Murray, Mauricio Martínez, Marco Pérez, José Sefami, Dagoberto Gama, Rosa María Bianchi, Gustavo Sánchez Parra, Heriberto del Castillo, Gerardo Campbell";"Alejandro González Iñárritu";"Rodrigo Prieto";"Guillermo Arriaga";"Martha Sosa Elizondo, Francisco González Compeán, Alejandro González Iñárritu";"Gustavo Santaolalla";"8";"256959";"/mXc2QcFXUTQz2wU7S0zgeG5C3Bg.jpg";"";"";"";"";"";"";"";"";"";"";"";"";"";"";"";"";"";"";"";"";"";"";"";"";"";"";"";"";"";"";"";"";"";"";"";"";"";"";"";"";"";"";"";"";"";"";"";"";"";"";"";"";"";"";"";"";"";"";"";"";"";"";"";"";"";"";"";"";"";"";"";"";"";"";"";"";"";"";"";"";"";"";"";"";"";""
"58";"Pirates of the Caribbean: Dead Man's Chest";"7.4";"15902";"Released";"06-07-06";"1065700000";"151";"200000000";"tt0383574";"en";"Pirates of the Caribbean: Dead Man's Chest";"Captain Jack Sparrow works his way out of a blood debt with the ghostly Davy Jones to avoid eternal damnation.";"105.498";"Captain Jack is back!";"Adventure, Fantasy, Action";"Walt Disney Pictures, Jerry Bruckheimer Films, Second Mate Productions";"United States of America";"English, Türkçe, ελληνικά, 普通话";"Mackenzie Crook, Tom Hollander, Neil Panlasigui, Geoffrey Rush, Derrick O'Connor, Jimmy Roussounis, Filip Cvijetic, Jim Cody Williams, Nej Adamson, Christopher S. Capp, Vanessa Branch, Jonathan Linsley, Jonathan Pryce, Josie Dapar, Lauren Maher, Orlando Bloom, Bill Nighy, San Shella, Claudia Adams, Simon Meacock, Barry McEvoy, Lee Arenberg, Israel Aduramo, Keira Knightley, Winston Ellis, David Sterne, John Boswall, Naomie Harris, Martin Klebba, Kevin McNally, Luke de Woolfson, Jonathan Kite, Peter Donald Badalamenti II, Dermot Keaney, Steve Speirs, Michael Miranda, Georges Trillat, Michael Enright, Natsuko Ohama, Johnny Depp, Christopher Adamson, Sylver, Clive Ashborn, Alex Norton, Stellan Skarsgård, Reggie Lee, David Bailie, Donald Dowd, Max Baker, Moray Treadwell, Jack Davenport, Anthony Patricio, Andy Beckwith, Gerry O'Brien, David Keyes, David Schofield, Matthew Bowyer, Ho-Kwan Tse, Robbie Gee, Hernando \"Sweepy\" Molina";"Gore Verbinski";"Dariusz Wolski";"Terry Rossio, Stuart Beattie, Jay Wolpert, Ted Elliott";"Mike Stenson, Bruce Hendricks, Eric McLeod, Chad Oman, Jerry Bruckheimer";"Hans Zimmer";"7.4";"783949";"/uXEqmloGyP7UXAiphJUu2v2pcuE.jpg";"";"";"";"";"";"";"";"";"";"";"";"";"";"";"";"";"";"";"";"";"";"";"";"";"";"";"";"";"";"";"";"";"";"";"";"";"";"";"";"";"";"";"";"";"";"";"";"";"";"";"";"";"";"";"";"";"";"";"";"";"";"";"";"";"";"";"";"";"";"";"";"";"";"";"";"";"";"";"";"";"";"";"";"";"";""
"59";"A History of Violence";"7.2";"3203";"Released";"23-09-05";"60740827";"96";"32000000";"tt0399146";"en";"A History of Violence";"An average family is thrust into the spotlight after the father commits a seemingly self-defense murder at his diner.";"21.37";"Tom Stall had the perfect life...until he became a hero.";"Drama, Thriller, Crime";"New Line Cinema, BenderSpink, Media I! Filmproduktion München & Company";"Germany, United States of America";"English";"Mitch Boughs, Stephen McHattie, Sumela Kay, Ian Matthews, Heidi Hayes, Deborah Drakeford, Ed Harris, John Watson, Kyle Schmid, Maria Bello, William Hurt, Brittany Payer, Shawn Campbell, Gerry Quigley, Bruce Beaton, Bill MacDonald, Brendan Connor, Neven Pajkic, Michelle McCree, Don Allison, Ashton Holmes, Morgan Kelly, Greg Bryk, Jason Barbeck, R.D. Reid, George King, Nick Antonacci, Aidan Devine, April Mullen, Martha Reilly, Peter MacNeill, Viggo Mortensen";"David Cronenberg";"Peter Suschitzky";"John Wagner, Josh Olson, Vince Locke";"Justis Greene, Chris Bender, Cale Boyter, Roger Kass, Toby Emmerich, Josh Braun, Kent Alterman, J.C. Spink";"Howard Shore";"7.4";"259556";"/A26rcvipOqptVs7i5uRmKicXRxE.jpg";"";"";"";"";"";"";"";"";"";"";"";"";"";"";"";"";"";"";"";"";"";"";"";"";"";"";"";"";"";"";"";"";"";"";"";"";"";"";"";"";"";"";"";"";"";"";"";"";"";"";"";"";"";"";"";"";"";"";"";"";"";"";"";"";"";"";"";"";"";"";"";"";"";"";"";"";"";"";"";"";"";"";"";"";"";""
"62";"2001: A Space Odyssey";"8.1";"11496";"Released";"02-04-68";"71923560";"149";"12000000";"tt0062622";"en";"2001: A Space Odyssey";"Humanity finds a mysterious object buried beneath the lunar surface and sets off to find its origins with the help of HAL 9000, the world's most advanced super computer.";"52.06";"The ultimate trip.";"Science Fiction, Mystery, Adventure";"Stanley Kubrick Productions, Metro-Goldwyn-Mayer";"United Kingdom, United States of America";"English, Pусский";"Keir Dullea, Martin Amor, Julie Croft, Heather Downham, Andy Wallace, John Swindells, David Charkham, Brian Hawley, Edwina Carroll, Anthony Jackson, David Hines, Judy Keirn, Irena Marr, Kim Neil, Douglas Rain, Richard Woods, Kevin Scott, S. Newton Anderson, Sheraton Blount, Daniel Richter, John Jordan, Darryl Paes, William Sylvester, Ed Bishop, Krystyna Marr, Jane Pearl, Scott MacKee, Maggie London, Jimmy Bell, Margaret Tyzack, Bob Wilyman, Kenneth Kendall, Leonard Rossiter, John Clifford, Robert Beatty, Sean Sullivan, Mike Lovell, Gary Lockwood, Burnell Tucker, Harry Fielder, Frank W. Miller, Danny Grover, Terry Duggan, Laurence Marchant, Chela Matthison, Vivian Kubrick, Ann Gillis, Penny Pearl, Glenn Beck, Stanley Kubrick, John Ashley, Marcella Markham, Alan Gifford, Keith Denny, Ann Bormann, Penny Brahms, Penny Francis, Jonathan Daw, David Fleetwood, Joe Refalo, Péter Delmár, Bill Weston";"Stanley Kubrick";"Geoffrey Unsworth";"Stanley Kubrick, Arthur C. Clarke";"Stanley Kubrick, Victor Lyndon";"";"8.3";"737360";"/ve72VxNqjGM69Uky4WTo2bK6rfq.jpg";"";"";"";"";"";"";"";"";"";"";"";"";"";"";"";"";"";"";"";"";"";"";"";"";"";"";"";"";"";"";"";"";"";"";"";"";"";"";"";"";"";"";"";"";"";"";"";"";"";"";"";"";"";"";"";"";"";"";"";"";"";"";"";"";"";"";"";"";"";"";"";"";"";"";"";"";"";"";"";"";"";"";"";"";"";""
"63";"Twelve Monkeys";"7.6";"8298";"Released";"29-12-95";"168841459";"129";"29000000";"tt0114746";"en";"Twelve Monkeys";"In the year 2035, convict James Cole reluctantly volunteers to be sent back in time to discover the origin of a deadly virus that wiped out nearly all of the earth's population and forced the survivors into underground communities. But when Cole is mistakenly sent to 1990 instead of 1996, he's arrested and locked up in a mental hospital. There he meets psychiatrist Dr. Kathryn Railly, and patient Jeffrey Goines, the son of a famous virus expert, who may hold the key to the mysterious rogue group, the Army of the 12 Monkeys, thought to be responsible for unleashing the killer disease.";"41.285";"The future is history.";"Science Fiction, Thriller, Mystery";"Universal Pictures, Atlas Entertainment, Classico, Twelve Monkeys Productions";"United States of America";"English, Français";"H. Michael Walls, Louis Lippa, Tom Detrik, Michael Chance, Rick Warner, Paul Meshejian, Carol Florence, Joseph McKenna, Korchenko, John Panzarella, Irma St. Paule, Bart the Bear, Harry O'Toole, Richard Stanley, Robert O'Neill, Wilfred Williams, Allelon Ruggiero, Karl Warren, Jann Ellis, Christopher Meloni, Simon Jones, Bruce Kirkpatrick, Felix Pire, Jon Seda, Bill Raymond, Donald Faison, David Morse, Joe Gerety, Kevin Thigpen, Pat Dias, Brad Pitt, Charley Scalies, Annie Golden, Raymond Mamrak, LisaGay Hamilton, Stan Kang, Bonnie Loev, Sal Mazzotta, Bruce Willis, Joey Perillo, Matt Ross, Janet Zappala, Joseph Melito, Frederick Strother, C.J. Byrnes, Stephen Bridgewater, Tiffany Baldwin, Thang, Drucie McDaniel, Aaron Michael Lacey, John Blaisse, Ernest Abuba, Frank Gorshin, Barry Price, Christopher Plummer, Bob Adrian, Nell Johnson, Charles Techman, Anthony 'Chip' Brienza, Madeleine Stowe, Ray Huffman, Chuck Jeffreys, Joilet Harris, Michael Ryan Segal, Lisa Talerico, Vernon Campbell, Rozwill Young";"Terry Gilliam";"Roger Pratt";"Janet Peoples, David Webb Peoples, Chris Marker";"Robert Kosberg, Charles Roven, Robert Cavallo, Gary Levinsohn";"Paul Buckmaster";"8";"656579";"/gt3iyguaCIw8DpQZI1LIN5TohM2.jpg";"";"";"";"";"";"";"";"";"";"";"";"";"";"";"";"";"";"";"";"";"";"";"";"";"";"";"";"";"";"";"";"";"";"";"";"";"";"";"";"";"";"";"";"";"";"";"";"";"";"";"";"";"";"";"";"";"";"";"";"";"";"";"";"";"";"";"";"";"";"";"";"";"";"";"";"";"";"";"";"";"";"";"";"";"";""
"64";"Talk to Her";"7.587";"1284";"Released";"15-03-02";"64803131";"112";"0";"tt0287467";"es";"Hable con ella";"Two men share an odd friendship while they care for two women who are both in deep comas.";"11.002";"";"Drama, Romance";"Vía Digital, El Deseo, Atresmedia";"Spain";"Français, Español";"Roberto Álvarez, Lola Dueñas, Paz Vega, Geraldine Chaplin, Javier Cámara, Cecilia Roth, Carlos García Cambero, Helio Pedregal, Mariola Fuentes, Marisa Paredes, Elena Anaya, Adolfo Fernández, Agustín Almodóvar, Fele Martínez, Ana Fernández, Pina Bausch, Fernando Iglesias, Chus Lampreave, Darío Grandinetti, Carmen Machi, Esther García, Leonor Watling, Rosario Flores, Caetano Veloso, Malou Airaudo, Lola García";"Pedro Almodóvar";"Javier Aguirresarobe";"Pedro Almodóvar";"Agustín Almodóvar, Michel Ruben";"Alberto Iglesias, Vicente Amigo";"7.9";"118863";"/p8ilqBhIT5YnKOf6hBPEVPc8uGS.jpg";"";"";"";"";"";"";"";"";"";"";"";"";"";"";"";"";"";"";"";"";"";"";"";"";"";"";"";"";"";"";"";"";"";"";"";"";"";"";"";"";"";"";"";"";"";"";"";"";"";"";"";"";"";"";"";"";"";"";"";"";"";"";"";"";"";"";"";"";"";"";"";"";"";"";"";"";"";"";"";"";"";"";"";"";"";""
"65";"8 Mile";"7.138";"7229";"Released";"08-11-02";"242875078";"111";"41000000";"tt0298203";"en";"8 Mile";"For Jimmy Smith, Jr., life is a daily fight just to keep hope alive. Feeding his dreams in Detroit's vibrant music scene, Jimmy wages an extraordinary personal struggle to find his own voice - and earn a place in a world where rhymes rule, legends are born and every moment… is another chance.";"41.435";"Every moment is another chance";"Drama, Music";"Mikona Productions, Imagine Entertainment";"Germany, United States of America";"English";"Taryn Manning, Waverly W. Alford II, DJ Head, Eugene Byrd, Larry Hudson, Miz-Korona, Kyla Womack, Michael Shannon, Omar Benson Miller, Brittany Murphy, Anthony Mackie, Mike Bell, Evan Jones, Allen Adams, Adam Brook, Jennifer Kitchen, Mary Hannigan, Kim Basinger, Eminem, Obie Trice, Rockey Black, Malik Barnhardt, Njeri Earth, Nashawn 'Ox' Breedlove, Bushman, Melissa Zaglanikzny, Day Golfin, Xzibit, Hom, Abdul Salaam El Razzac, Craig Chandler, Mekhi Phifer, John Smith Jr., Chloe Greenfield, Steven Monroe, Strike, Venicia Foreman, Proof, De'Angelo Wilson, Brandon T. Jackson, Paul Bates, Na'Keya Snoddy";"Curtis Hanson";"Rodrigo Prieto";"Scott Silver";"Brian Grazer, Jimmy Iovine, Paul Rosenberg, Gregory Goodman, Curtis Hanson, Jim Whitaker";"";"7.2";"331373";"/7BmQj8qE1FLuLTf7Xjf9sdIHzoa.jpg";"";"";"";"";"";"";"";"";"";"";"";"";"";"";"";"";"";"";"";"";"";"";"";"";"";"";"";"";"";"";"";"";"";"";"";"";"";"";"";"";"";"";"";"";"";"";"";"";"";"";"";"";"";"";"";"";"";"";"";"";"";"";"";"";"";"";"";"";"";"";"";"";"";"";"";"";"";"";"";"";"";"";"";"";"";""
"66";"Absolute Power";"6.6";"1078";"Released";"14-02-97";"50100000";"121";"50000000";"tt0118548";"en";"Absolute Power";"A master thief coincidentally is robbing a house where a murder—in which the President of the United States is involved—occurs in front of his eyes. He is forced to run, while holding evidence that could convict the President.";"43.361";"Corrupts Absolutely.";"Crime, Drama, Action";"Castle Rock Entertainment, Malpaso Productions, Columbia Pictures";"United States of America";"English";"Ed Harris, E.G. Marshall, Kenneth Welsh, Scott Glenn, Charles McDaniel, John Lyle Campbell, Joy Ehrlich, George Orrison, Yau-Gene Chan, Dennis Haysbert, Richard Jenkins, Mark Margolis, Melora Hardin, Penny Johnson Jerald, Elaine Kagan, Judy Davis, Gene Hackman, Alison Eastwood, Eric Dahlquist Jr., Clint Eastwood, Kimber Eastwood, Robert Harvey, Jack Stewart Taylor, Laura Linney";"Clint Eastwood";"Jack N. Green";"William Goldman, David Baldacci";"Tom Rooker, Clint Eastwood, Karen S. Spiegel";"Lennie Niehaus";"6.7";"61388";"/zuYhCHkUTCRYaEVXaCWUmOoppnS.jpg";"";"";"";"";"";"";"";"";"";"";"";"";"";"";"";"";"";"";"";"";"";"";"";"";"";"";"";"";"";"";"";"";"";"";"";"";"";"";"";"";"";"";"";"";"";"";"";"";"";"";"";"";"";"";"";"";"";"";"";"";"";"";"";"";"";"";"";"";"";"";"";"";"";"";"";"";"";"";"";"";"";"";"";"";"";""
"67";"Paradise Now";"6.9";"257";"Released";"07-09-05";"3395627";"90";"2000000";"tt0445620";"en";"Paradise Now";"Two childhood friends are recruited for a suicide bombing in Tel Aviv.";"11.104";"From the most unexpected place, come a new call for peace";"Thriller, Crime, Drama";"Eurimages, Lama Films, Augustus Film, Lama Productions, Lumer Films, Filmstiftung Nordrhein-Westfalen, Razor Film Produktion, Nederlands Fonds voor de Film, ARTE France Cinéma, Hazazah Pictures, Hazazah Film";"France, Germany, Netherlands, Palestinian Territory";"العربية, Français, English";"Dirar Suleiman, Jamel Daher, Lutuf Nouasser, Nour Abd El-Hadi, Lubna Azabal, Hiam Abbass, Mohamed Bustami, Ashraf Barhom, Qais Nashif, Olivier Meidinger, Amer Hlehel, Ali Suliman";"Hany Abu-Assad";"Antoine Héberlé";"Hany Abu-Assad, Bero Beyer, Pierre Hodgson";"Roman Paul, Muhammed Buqai, Rémi Burah, Bero Beyer, Hengameh Panahi, Amir Harel, Gerhard Meixner, Jeroen van den Idsert, Yani";"Jina Sumedi";"7.4";"24348";"/qWZkYa8VdcDZk8uzRB2PfhpM9IL.jpg";"";"";"";"";"";"";"";"";"";"";"";"";"";"";"";"";"";"";"";"";"";"";"";"";"";"";"";"";"";"";"";"";"";"";"";"";"";"";"";"";"";"";"";"";"";"";"";"";"";"";"";"";"";"";"";"";"";"";"";"";"";"";"";"";"";"";"";"";"";"";"";"";"";"";"";"";"";"";"";"";"";"";"";"";"";""
"68";"Brazil";"7.7";"3276";"Released";"20-02-85";"9900000";"143";"15000000";"tt0088846";"en";"Brazil";"Low-level bureaucrat Sam Lowry escapes the monotony of his day-to-day life through a recurring daydream of himself as a virtuous hero saving a beautiful damsel. Investigating a case that led to the wrongful arrest and eventual death of an innocent man instead of wanted terrorist Harry Tuttle, he meets the woman from his daydream, and in trying to help her gets caught in a web of mistaken identities, mindless bureaucracy and lies.";"20.455";"It's only a state of mind.";"Comedy, Science Fiction";"Embassy International Pictures";"United Kingdom, United States of America";"English";"Patrick Connor, Ian Richardson, Nigel Planer, Brian Miller, Harold Innocent, John Grillo, Sheila Reid, Kim Greist, Jack Purvis, Russell Keith Grant, Oscar Quitak, Jonathan Pryce, Ray Cooper, Bryan Pringle, Roger Ashton-Griffiths, Derek Deadman, Barbara Hicks, Peter Vaughan, John Flanagan, Robert De Niro, Bill Wallis, Terence Bayler, Howard Lew Lewis, Terry Gilliam, David Gant, James Coyle, Don Henderson, Derrick O'Connor, John Pierce Jones, Michael Palin, Kathryn Pogson, Katherine Helmond, Elizabeth Spender, Gorden Kaye, Simon Jones, Jim Broadbent, Myrtle Devenish, Ian Holm, Ann Way, Ralph Nossek, Charles McKeown, Bob Hoskins";"Terry Gilliam";"Roger Pratt";"Tom Stoppard, Terry Gilliam, Charles McKeown";"Arnon Milchan, Patrick Cassavetti";"Michael Kamen";"7.8";"214080";"/aewan59WcFThBimkTVVoNf2o5Vb.jpg";"";"";"";"";"";"";"";"";"";"";"";"";"";"";"";"";"";"";"";"";"";"";"";"";"";"";"";"";"";"";"";"";"";"";"";"";"";"";"";"";"";"";"";"";"";"";"";"";"";"";"";"";"";"";"";"";"";"";"";"";"";"";"";"";"";"";"";"";"";"";"";"";"";"";"";"";"";"";"";"";"";"";"";"";"";""
"69";"Walk the Line";"7.5";"2830";"Released";"13-09-05";"186800000";"136";"28000000";"tt0358273";"en";"Walk the Line";"A chronicle of country music legend Johnny Cash's life, from his early days on an Arkansas cotton farm to his rise to fame with Sun Records in Memphis, where he recorded alongside Elvis Presley, Jerry Lee Lewis and Carl Perkins.";"22.144";"Love is a burning thing.";"Drama, Music, Romance";"Mars Media Beteiligungs, Tree Line Films, Catfish Productions, Fox 2000 Pictures";"Germany, United States of America";"English";"Kevin Scroggs, Rich Parham, Robert Patrick, Josh Driver, Dave Thompson, Johnny Holiday, J.P. McNeely, Clay Steakley, Geoff Falk, David Caffey, Jim Wright, Brit Shaw, Deborah Rawlings, Ross Harkins, J. Allen Scott, Richard Crowe, Katie Lindsey, Bob King, Reese Witherspoon, Victoria Hester, Garnet Brooks, Ken Axmaker Jr., Johnathan Rice, Larry Bagby, Carly Nahon, Ben Taylor, Cody Hanford, John Carter Cash, Sheila Thomas, Danny Vinson, Jan Falk, Dolan Wilson, Tyler Hilton, Hailey Anne Nelson, Marc Farley, Glenda Pannell, Laura Lynn Seguin, Kerris Dorsey, Ridge Canipe, Danny Thomas, Laurie Johnson, Waylon Payne, Melissa Goodwin Shepherd, Delaney Keefe, Dave McPhail, Jeff Evans, Mark Alan Compton, Jason Lewin, Zach Navarro, Joaquin Phoenix, Kimberly Hill, Dan Beene, Tim Ware, Shooter Jennings, Sandra Ellis Lafferty, Frank Hoyt Taylor, Clare Grant, Brian Deas, Wyatt Entrekin, McGhee Monteith, Evelyn Diana Frogge-Chabot, J.W. Williams, Shelby Lynne, L. Michele Hester, Davielle Boyce, Jeff Bailey, Gavin Lindsay Goode, Shane Bowen, Dallas Roberts, Michael Montgomery, James Keach, Bryce Blackman, Brian Crider, Chris Plumlee, Lucas Till, Glenn Alan Gardner, J.D. Evermore, Mathew Luschek, Michael Ingersoll, Carter Thrower, Tracee Mae Miller, Helen Ingebritsen, Donald Meyers, Rhoda Griffis, Natalie Canerday, Ginnifer Goodwin, Dan John Miller, Amy Lavere, James DeForest Parker";"James Mangold";"Phedon Papamichael";"James Mangold, Johnny Cash, Gill Dennis";"John Carter Cash, Cathy Konrad, James Keach, Alan C. Blomquist";"T Bone Burnett";"7.8";"270207";"/p8lPTjvjOjTfvC1E9pmMwcF9vkn.jpg";"";"";"";"";"";"";"";"";"";"";"";"";"";"";"";"";"";"";"";"";"";"";"";"";"";"";"";"";"";"";"";"";"";"";"";"";"";"";"";"";"";"";"";"";"";"";"";"";"";"";"";"";"";"";"";"";"";"";"";"";"";"";"";"";"";"";"";"";"";"";"";"";"";"";"";"";"";"";"";"";"";"";"";"";"";""
"70";"Million Dollar Baby";"7.956";"9499";"Released";"15-12-04";"216763646";"132";"30000000";"tt0405159";"en";"Million Dollar Baby";"Despondent over a painful estrangement from his daughter, trainer Frankie Dunn isn't prepared for boxer Maggie Fitzgerald to enter his life. But Maggie's determined to go pro and to convince Dunn and his cohort to help her.";"29.118";"Beyond his silence, there is a past. Beyond her dreams, there is a feeling. Beyond hope, there is a memory. Beyond their journey, there is a love.";"Drama";"Lakeshore Entertainment, Malpaso Productions, Epsilon Motion Pictures, ASR Productions, Warner Bros. Pictures";"Switzerland, United States of America";"English, Gaeilge";"Ted Grossman, Jim Cantafio, Lucia Rijker, Roy Nugent, Mark Thomason, Jason Williams, Mimi Lesseos, Benito Martinez, Spice Williams-Crosby, Sunshine Chantal Parkman, Erica Grant, Marco Rodríguez, Anthony Mackie, Don Familton, Mike Colter, David Powledge, Marcus Chait, Vincent Foster, Jamison Yang, Jay Baruchel, Kirsten Berman, Brían F. O'Byrne, Susan Krebs, Eddie Bates, Naveen, Clint Eastwood, Boni Yanagisawa, Sean O'Kane, Kim Strauss, Michael Peña, Marty Sammon, Dean Familton, Margo Martindale, Vladimir Rajčić, Morgan Eastwood, Ned Eisenberg, Tom McCleister, Nina Avetisova, Bruce Gerard Brown Jr., Hilary Swank, Ray Corona, Miguel Pérez, Morgan Freeman, Bruce MacVittie, Bridgett Riley, Brian T. Finney, Louis Moret, Kim Dannenberg, McKay Stewart, Joe D'Angerio, Steven M. Porter, Sean LoGrasso, Michael Bentt, Riki Lindhome, Jude Ciccolella, Ming Lo, Rob Maron, Kimberly Estrada, Rosine 'Ace' Hatem, Christina Cox, Jon D. Schorle II, Jimmy Alioto";"Clint Eastwood";"Tom Stern";"Paul Haggis, F.X. Toole";"Tom Rosenberg, Albert S. Ruddy, Paul Haggis, Robert Lorenz, Clint Eastwood, Gary Lucchesi";"Clint Eastwood";"8.1";"734049";"/jcfEqKdWF1zeyvECPqp3mkWLct2.jpg";"";"";"";"";"";"";"";"";"";"";"";"";"";"";"";"";"";"";"";"";"";"";"";"";"";"";"";"";"";"";"";"";"";"";"";"";"";"";"";"";"";"";"";"";"";"";"";"";"";"";"";"";"";"";"";"";"";"";"";"";"";"";"";"";"";"";"";"";"";"";"";"";"";"";"";"";"";"";"";"";"";"";"";"";"";""
"71";"Billy Elliot";"7.6";"3801";"Released";"28-09-00";"109280263";"110";"5000000";"tt0249462";"en";"Billy Elliot";"County Durham, England, 1984. The miners' strike has started and the police have started coming up from Bethnal Green, starting a class war with the lower classes suffering. Caught in the middle of the conflict is 11-year old Billy Elliot, who, after leaving his boxing club for the day, stumbles upon a ballet class and finds out that he's naturally talented. He practices with his teacher Mrs. Wilkinson for an upcoming audition in Newcastle-upon Tyne for the royal Ballet school in London.";"20.431";"Inside every one of us is a special talent waiting to come out. The trick is finding it.";"Drama, Comedy, Music";"StudioCanal, BBC Film, Tiger Aspect, Arts Council of England, Working Title Films, Universal Pictures, WT² Productions";"France, United Kingdom, United States of America";"English";"Zoë Bell, Imogen Claire, Julie Walters, Jean Heywood, Barbara Leigh-Hunt, Gary Lewis, Denny Ferguson, Merryn Owen, Hendrick January, Matthew James Thomas, Liam Elcoat, Lee Smikle, Merelina Kendall, Adam Cooper, Patrick Malahide, Trevor Fox, Stuart Wells, Diana Kent, Darren Jacobs, Billy Fane, Carol McGuigan, Catherine Turgoose, Ken Richardson, Lee Williams, Janine Birkett, Paul Ridley, Dennis Lingard, Dylan Barnes, Stephen Mangan, Jamie Draven, Sharon Percy, Joe Renton, Charlie Hardwick, Petra Siniawski, Colin MacLachlan, Nicola Blackwell, Damian Winter-Higgins, Mike Elliot, Tracey Wilkinson, Adam Galbraith, Leonard Silver, Jamie Bell, Neil North";"Stephen Daldry";"Brian Tufano";"Lee Hall";"Greg Brenman, David M. Thompson, Jonathan Finn, Tessa Ross, Natascha Wharton, Charles Brand";"Stephen Warbeck";"7.7";"146117";"/nOr5diUZxphmAD3li9aiILyI28F.jpg";"";"";"";"";"";"";"";"";"";"";"";"";"";"";"";"";"";"";"";"";"";"";"";"";"";"";"";"";"";"";"";"";"";"";"";"";"";"";"";"";"";"";"";"";"";"";"";"";"";"";"";"";"";"";"";"";"";"";"";"";"";"";"";"";"";"";"";"";"";"";"";"";"";"";"";"";"";"";"";"";"";"";"";"";"";""
"73";"American History X";"8.344";"11527";"Released";"01-07-98";"23900000";"119";"20000000";"tt0120586";"en";"American History X";"Derek Vineyard is paroled after serving 3 years in prison for killing two African-American men. Through his brother, Danny Vineyard's narration, we learn that before going to prison, Derek was a skinhead and the leader of a violent white supremacist gang that committed acts of racial crime throughout L.A. and his actions greatly influenced Danny. Reformed and fresh out of prison, Derek severs contact with the gang and becomes determined to keep Danny from going down the same violent path as he did.";"36.906";"Some Legacies Must End.";"Drama";"New Line Cinema, Savoy Pictures, The Turman-Morrissey Company";"United States of America";"English";"Giuseppe Andrews, Beverly D'Angelo, Darrell Britt, Jennifer Lien, Sam Vlahos, Denney Pierce, Alex Sol, Nigel Miguel, Antonio David Lyons, Alexis Rose Coen, Richard Noyce, Paul E. Short, Keith Odett, Joe Cortese, Keram Malicki-Sánchez, Jonathan Fowler Jr., Cherish Lee, Fairuza Balk, Nicholas R. Oleson, Michelle Christine White, Maximillian Kesmodel, Jason Bose Smith, Edward Norton, Ethan Suplee, Steve Wolford, David Basulto, Kiante Elam, Glendon Rich, Anne Lambton, Paul Hopkins, Allie Moss, Robert 'Duckie' Carpenter, Sydney 'Big Dawg' Colston, Thomas L. Bellissimo, John Embry, Selwyn Ward, Sam Sarpong, Avery Brooks, Tara Blanchard, Christopher Masterson, Stacy Keach, Jordan Marder, Barbie Marie, Danso Gordon, Guy Torry, William Russ, Paul Le Mat, Jim Norton, Edward Furlong, Elliott Gould";"Tony Kaye";"Tony Kaye";"David McKenna";"John Morrissey, Kearie Peak, Bill Carraro, Steve Tisch, Lawrence Turman";"Anne Dudley";"8.5";"1210594";"/euypWkaYFOLW3e5rLIcTAjWnhhT.jpg";"";"";"";"";"";"";"";"";"";"";"";"";"";"";"";"";"";"";"";"";"";"";"";"";"";"";"";"";"";"";"";"";"";"";"";"";"";"";"";"";"";"";"";"";"";"";"";"";"";"";"";"";"";"";"";"";"";"";"";"";"";"";"";"";"";"";"";"";"";"";"";"";"";"";"";"";"";"";"";"";"";"";"";"";"";""
"74";"War of the Worlds";"6.513";"8318";"Released";"13-06-05";"603873119";"117";"132000000";"tt0407304";"en";"War of the Worlds";"Ray Ferrier is a divorced dockworker and less-than-perfect father. Soon after his ex-wife and her new husband drop off his teenage son and young daughter for a rare weekend visit, a strange and powerful lightning storm touches down.";"41.789";"They're already here.";"Adventure, Thriller, Science Fiction";"Paramount Pictures, DreamWorks Pictures, Amblin Entertainment, Cruise/Wagner Productions";"United States of America";"English";"Daniel A. Jacobs, Victor Magnusson, Omar Jermaine, Stella Croxon, Daniel Franzese, Bruce W. Derdoski Jr., James Boss, Tommy Guiffre, Johnny Kastl, Camillia Monet, John N. Morales, John Michael Bolger, Juan Carlos Hernández, Vito D'Ambrosio, Sharrieff Pugh, Jerry Walsh, Lisa Ann Walter, Dempsey Pappion, Tom Cruise, Lauri Johnson, Peter Gerety, Jim Hanna, Erika LaVonn, Miranda Otto, January LaVoy, Dustin Ardine, Danny Hoch, Laura Zoe Quist, Ana Maria Quintana, Travis Aaron Wade, Suanne Spoke, Anthony Jennings, Tracy Howe, Daniel Eric Gold, Christopher Evan Welch, Art Chudabala, Tim Robbins, Shanna Collins, Marlon Young, Claudia Barroso, Maggie Lacey, Joseph DeBona, James DuMont, Becky Ann Baker, Joe Duffy, Benjamin Popolukus, Elizabeth Jayne Hong, Kirsten Nelson, Terry Thomas, Joaquin Perez-Campbell, Mariann Mayberry, Paul Bunnell, David Alan Basche, Lenny Venito, Michael Brownlee, Ellen Barry, Gene Barry, Eric Zuckerman, Freddie Johnson, Asha R. Nanavati, Ty Simpkins, Ed Vassallo, David Harbour, Kevin Collins, Jorge-Luis Pallo, Marianne Ebert, Julie White, Alan Kemper Armani, Justin Chatwin, Takayo Fischer, Jeffrey Hutchinson, Amy Ryan, Miguel Antonio Ferrer, Michael Arthur, Lorelei Llee, Roz Abrams, Robert Cicchini, Morgan Freeman, Robert O'Connor, John Eddins, Jason Latief Anderson, Mark Manley, Chris Todd, Rafael Sardina, Columbus Short, Dan Ziskie, Peter E. Tasciotti, Clay Bringhurst, Rick Gonzalez, Tanda Kerín, Dakota Fanning, Yul Vazquez, Dendrie Taylor, John Scurti, Ingrid Johnson, Vladislav Kozlov, Channing Tatum, Ed Schiff, Booker T. Washington, Amy Hohn, Benny Ciaramello, Timothy Burd, Stephen Gevedon, Melody Garrett, Ann Robinson, David Conley, David Gere, Martin Dew, Kent Faulcon, Miho Nakamura, Kyle S. Brown, Ricky Luna, Adam Lazarre-White, Cass Asher";"Steven Spielberg";"Janusz Kamiński";"David Koepp, Josh Friedman, H.G. Wells";"Paula Wagner, Damian Collier, Kathleen Kennedy, Colin Wilson";"John Williams";"6.5";"483646";"/oZmJ6hD2dc6zLCIPgw8onPMo0QC.jpg";"";"";"";"";"";"";"";"";"";"";"";"";"";"";"";"";"";"";"";"";"";"";"";"";"";"";"";"";"";"";"";"";"";"";"";"";"";"";"";"";"";"";"";"";"";"";"";"";"";"";"";"";"";"";"";"";"";"";"";"";"";"";"";"";"";"";"";"";"";"";"";"";"";"";"";"";"";"";"";"";"";"";"";"";"";""
"75";"Mars Attacks!";"6.411";"5379";"Released";"13-12-96";"101371017";"106";"70000000";"tt0116996";"en";"Mars Attacks!";"A fleet of Martian spacecraft surrounds the world's major cities and all of humanity waits to see if the extraterrestrial visitors have, as they claim, \"come in peace.\" U.S. President James Dale receives assurance from science professor Donald Kessler that the Martians' mission is a friendly one. But when a peaceful exchange ends in the total annihilation of the U.S. Congress, military men call for a full-scale nuclear retaliation.";"33.394";"Nice planet. We'll take it!";"Comedy, Fantasy, Science Fiction";"Warner Bros. Pictures, Tim Burton Productions";"United States of America";"English, Français";"Julian Barnes, Jack Black, Janice Rivera, Sarah Jessica Parker, Chi Hoang Cai, Betty Bunch, Valerie Wildman, John Finnegan, Rebecca Broussard, Paul Winfield, C. Wayne Owens, Velletta Carlson, Rod Steiger, John Roselius, Michael J. Fox, Steve Valentine, Roger Peterson, Richard Irving, Christi Black, Gloria M. Malgarini, Ed Lambert, Vinny Argiro, Tommy Bush, Sharon Hendrix, Glenn Close, Tom Jones, Rebeca Silva, Joe Don Baker, Michael Reilly Burke, Joseph Moynihan, Gloria Hoffmann, Jim Brown, Tamara 'Gingir' Curry, Jeanne Mori, Brandon Hammond, Ken Thomas, John Gray, Josh Philip Weinstein, Jack Nicholson, Danny DeVito, Jonathan Emerson, Rance Howard, Don LaMoth, Kevin Mangan, Heidi Miller, Pam Grier, Natalie Portman, Ray J, Barbet Schroeder, Lisa Marie, Coco Leigh, Brian Haley, Richard Assad, Darelle Porter Holden, Enrique Castillo, Frank Welker, Gregg Daniel, Annette Bening, Pierce Brosnan, Lukas Haas, Christina Applegate, Sylvia Sidney, Willie Garson, Jeffrey King, Jerzy Skolimowski, Timi Prulhiere, O-Lan Jones, Joseph Maher, J. Kenneth Campbell, Martin Short";"Tim Burton";"Peter Suschitzky";"Jonathan Gems";"Larry Franco, Tim Burton";"Danny Elfman";"6.4";"248926";"/hll4O5vSAfnZDb6JbnP06GPtz7b.jpg";"";"";"";"";"";"";"";"";"";"";"";"";"";"";"";"";"";"";"";"";"";"";"";"";"";"";"";"";"";"";"";"";"";"";"";"";"";"";"";"";"";"";"";"";"";"";"";"";"";"";"";"";"";"";"";"";"";"";"";"";"";"";"";"";"";"";"";"";"";"";"";"";"";"";"";"";"";"";"";"";"";"";"";"";"";""
"76";"Before Sunrise";"7.969";"4115";"Released";"27-01-95";"5987386";"101";"2500000";"tt0112471";"en";"Before Sunrise";"A young man and woman meet on a train in Europe, and wind up spending one evening together in Vienna. Unfortunately, both know that this will probably be their only night together.";"34.565";"Can the greatest romance of your life last only one night?";"Drama, Romance";"Castle Rock Entertainment, Detour Filmproduction, Filmhaus Films";"Austria, United States of America";"English, Deutsch, Français";"Barbara Klebel, Richard Linklater, Bilge Jeschim, Peter Ily Huemer, Wolfgang Staribacher, Andrea Eckert, Paul Poet, Otto Reiter, Wilbirg Reiter, Haymon Maria Buttinger, John Sloss, Alexandra Seibel, Wolfgang Glüxam, Dominik Castell, Hubert Fabian Kulterer, Liese Lyon, Constanze Schweiger, Karl Bruckschwaiger, Christian Ankowitsch, Erni Mangold, Tex Rubinowitz, Julie Delpy, Harold Waiglein, Hanno Pöschl, Branko Andrić 'Andrla', Ethan Hawke, Kurti, Hans Weingartner, Georg Schöllhammer, Adam Goldberg";"Richard Linklater";"Lee Daniel";"Kim Krizan, Richard Linklater";"John Sloss, Anne Walker-McBay";"Fred Frith";"8.1";"349689";"/kf1Jb1c2JAOqjuzA3H4oDM263uB.jpg";"";"";"";"";"";"";"";"";"";"";"";"";"";"";"";"";"";"";"";"";"";"";"";"";"";"";"";"";"";"";"";"";"";"";"";"";"";"";"";"";"";"";"";"";"";"";"";"";"";"";"";"";"";"";"";"";"";"";"";"";"";"";"";"";"";"";"";"";"";"";"";"";"";"";"";"";"";"";"";"";"";"";"";"";"";""
"77";"Memento";"8.2";"14827";"Released";"11-10-00";"40047236";"113";"9000000";"tt0209144";"en";"Memento";"Leonard Shelby is tracking down the man who raped and murdered his wife. The difficulty of locating his wife's killer, however, is compounded by the fact that he suffers from a rare, untreatable form of short-term memory loss. Although he can recall details of life before his accident, Leonard cannot remember what happened fifteen minutes ago, where he's going, or why.";"48.813";"Some memories are best forgotten.";"Mystery, Thriller";"Newmarket Films, Summit Entertainment, Team Todd, I Remember Productions";"United States of America";"English";"Jorja Fox, Guy Pearce, Russ Fega, Harriet Sansom Harris, Stephen Tobolowsky, Carrie-Anne Moss, Thomas Lennon, Larry Holden, Callum Keith Rennie, Mark Boone Junior, Marianne Muellerleile, Kimberly Campbell, Joe Pantoliano";"Christopher Nolan";"Wally Pfister";"Christopher Nolan, Jonathan Nolan";"Aaron Ryder, Jennifer Todd, Suzanne Todd";"David Julyan";"8.4";"1351589";"/nWtySDlffTfwAa0rSfq61o33ZXV.jpg";"";"";"";"";"";"";"";"";"";"";"";"";"";"";"";"";"";"";"";"";"";"";"";"";"";"";"";"";"";"";"";"";"";"";"";"";"";"";"";"";"";"";"";"";"";"";"";"";"";"";"";"";"";"";"";"";"";"";"";"";"";"";"";"";"";"";"";"";"";"";"";"";"";"";"";"";"";"";"";"";"";"";"";"";"";""
"78";"Blade Runner";"7.9";"13735";"Released";"25-06-82";"41722424";"118";"28000000";"tt0083658";"en";"Blade Runner";"In the smog-choked dystopian Los Angeles of 2019, blade runner Rick Deckard is called out of retirement to terminate a quartet of replicants who have escaped to Earth seeking their creator for a way to extend their short life spans.";"57.669";"Man has made his match...now it's his problem.";"Science Fiction, Drama, Thriller";"Shaw Brothers, The Ladd Company, Warner Bros. Pictures";"United States of America, Hong Kong, United Kingdom";"English, Deutsch, 广州话 / 廣州話, 日本語, Magyar";"Rose Mascari, Sean Young, Joe Turkel, Joanna Cassidy, Hy Pyke, Steve Pope, Brion James, Morgan Paull, Charles Knapp, Dawna Lee Heising, Ben Astar, Kimiko Hiroshige, Daryl Hannah, Alexis Rhee, Jiro Okazaki, Edward James Olmos, Robert Reiter, John Edward Allen, William Sanderson, Carolyn DeMirjian, Tom Hutchinson, Kevin Thompson, Bob Okazaki, Kelly Hine, Harrison Ford, Rutger Hauer, James Hong, Sharon Hesky, M. Emmet Walsh, Leo Gorcey Jr., Judith Burnett";"Ridley Scott";"Jordan Cronenweth";"David Webb Peoples, Hampton Fancher, Philip K. Dick";"Run Run Shaw, Michael Deeley";"Vangelis";"8.1";"839515";"/63N9uy8nd9j7Eog2axPQ8lbr3Wj.jpg";"";"";"";"";"";"";"";"";"";"";"";"";"";"";"";"";"";"";"";"";"";"";"";"";"";"";"";"";"";"";"";"";"";"";"";"";"";"";"";"";"";"";"";"";"";"";"";"";"";"";"";"";"";"";"";"";"";"";"";"";"";"";"";"";"";"";"";"";"";"";"";"";"";"";"";"";"";"";"";"";"";"";"";"";"";""
"79";"Hero";"7.495";"2241";"Released";"22-07-02";"177394432";"99";"31000000";"tt0299977";"zh";"英雄";"During China's Warring States period, a district prefect arrives at the palace of Qin Shi Huang, claiming to have killed the three assassins who had made an attempt on the king's life three years ago.";"25.706";"One man's strength will unite an empire.";"Drama, Adventure, Action, History";"Beijing New Picture Film Co. Ltd., China Film Co-Production Corp., Elite Group Enterprises, Edko Films, Sil-Metropole Organisation, Zhang Yimou Studio";"Hong Kong, China";"普通话";"Zhang Ziyi, Maggie Cheung, Zheng Tianyong, Ma Wen Hua, Tony Leung Chiu-wai, Jin Ming, Zhang Yakun, Jet Li, Qin Yan, Xu Kuang Hua, James Hong, Shou Xin Wang, Chen Daoming, Liu Zhongyuan, Donnie Yen, Chang Xiao Yang";"Zhang Yimou";"Christopher Doyle";"Feng Li, Zhang Yimou, Bin Wang";"Bill Kong Chi-Keung, Zhang Zhenyan, Zhang Weiping, Shoufang Dou, Zhang Yimou";"Tan Dun";"7.9";"189346";"/1NBtOH3KPU9UUp1vzVHJ8qzdW88.jpg";"";"";"";"";"";"";"";"";"";"";"";"";"";"";"";"";"";"";"";"";"";"";"";"";"";"";"";"";"";"";"";"";"";"";"";"";"";"";"";"";"";"";"";"";"";"";"";"";"";"";"";"";"";"";"";"";"";"";"";"";"";"";"";"";"";"";"";"";"";"";"";"";"";"";"";"";"";"";"";"";"";"";"";"";"";""
"80";"Before Sunset";"7.8";"3360";"Released";"16-06-04";"15992615";"80";"2700000";"tt0381681";"en";"Before Sunset";"Nine years later, Jesse travels across Europe giving readings from a book he wrote about the night he spent in Vienna with Celine. After his reading in Paris, Celine finds him, and they spend part of the day together before Jesse has to again leave for a flight. They are both in relationships now, and Jesse has a son, but as their strong feelings for each other start to return, both confess a longing for more.";"24.038";"What if you had a second chance with the one that got away?";"Drama, Romance";"Warner Independent Pictures, Castle Rock Entertainment, Detour Filmproduction";"United States of America";"English, Français";"Albert Delpy, Mariane Plasteig, Ethan Hawke, Louise Lemoine Torrès, Rodolphe Pauly, Diabolo, Marie Pillet, Julie Delpy, Denis Evrard, Vernon Dobtcheff";"Richard Linklater";"Lee Daniel";"Kim Krizan, Julie Delpy, Richard Linklater, Ethan Hawke";"Richard Linklater, John Sloss, Anne Walker-McBay";"";"8.1";"295411";"/gycdE1ARByGQcK4fYR2mgpU6OO.jpg";"";"";"";"";"";"";"";"";"";"";"";"";"";"";"";"";"";"";"";"";"";"";"";"";"";"";"";"";"";"";"";"";"";"";"";"";"";"";"";"";"";"";"";"";"";"";"";"";"";"";"";"";"";"";"";"";"";"";"";"";"";"";"";"";"";"";"";"";"";"";"";"";"";"";"";"";"";"";"";"";"";"";"";"";"";""
"81";"Nausicaä of the Valley of the Wind";"7.9";"3562";"Released";"11-03-84";"9016411";"117";"1000000";"tt0087544";"ja";"風の谷のナウシカ";"After a global war, the seaside kingdom known as the Valley of the Wind remains one of the last strongholds on Earth untouched by a poisonous jungle and the powerful insects that guard it. Led by the courageous Princess Nausicaä, the people of the Valley engage in an epic struggle to restore the bond between humanity and Earth.";"41.771";"A young girl's love called forth miracles…";"Adventure, Animation, Fantasy";"Topcraft";"Japan";"日本語";"Akiko Tsuboi, Mahito Tsujimura, Youji Matsuda, Yoshiko Sakakibara, Hisako Ayuhara, Takako Ota, Bin Shimada, TARAKO, Mugihito, Mina Tominaga, Masako Sugaya, Shinji Nomura, Joji Yanami, Takeki Nakamura, Iemasa Kayumi, Minoru Yada, Chika Sakamoto, Hochu Otsuka, Tetsuo Mizutori, Hisako Kyoda, Rihoko Yoshida, Kohei Miyauchi, Ichiro Nagai, Gorō Naya, Takako Sasuga, Sumi Shimamoto";"Hayao Miyazaki";"";"Hayao Miyazaki, Kazunori Ito";"Isao Takahata, Toshio Suzuki, Yasuyoshi Tokuma, Michio Kondou, Tooru Hara";"Joe Hisaishi";"8";"187190";"/tcrkfB8SRPQCgwI88hQScua6nxh.jpg";"";"";"";"";"";"";"";"";"";"";"";"";"";"";"";"";"";"";"";"";"";"";"";"";"";"";"";"";"";"";"";"";"";"";"";"";"";"";"";"";"";"";"";"";"";"";"";"";"";"";"";"";"";"";"";"";"";"";"";"";"";"";"";"";"";"";"";"";"";"";"";"";"";"";"";"";"";"";"";"";"";"";"";"";"";""
"82";"Miami Vice";"6";"1760";"Released";"27-07-06";"163800000";"132";"135000000";"tt0430357";"en";"Miami Vice";"A case involving drug lords and murder in South Florida takes a personal turn for undercover detectives Sonny Crockett and Ricardo Tubbs. Unorthodox Crockett gets involved romantically with the Chinese-Cuban wife of a trafficker of arms and drugs, while Tubbs deals with an assault on those he loves.";"25.208";"No Law. No Rules. No Order.";"Action, Crime, Thriller";"Universal Pictures, Forward Pass, Motion Picture ETA Produktionsgesellschaft";"Germany, United States of America";"English, Español";"Frankie J. Allison, Pasha D. Lychnikoff, Hailey Hansard, John Hawkes, Justin Theroux, Julia Zgoda, Barry Shabaka Henley, Ciarán Hinds, Elizabeth Rodriguez, Alexander Alonso, John Ortiz, Brad Batchelor, Everlayn Borges, Stephane Kay, Juliana Guedes, Eboni Nichols, Lorenzo Toledo, Julia Perevedentseva, Michelle Chin, Ryan M. Phillips, Taso N. Stavrakis, Mario Ernesto Sánchez, Rob Larson, Chris Astoyan, Naomie Harris, Eddie Marsan, Stephan Jones, Robert Berson, Tom Towles, Pablo Patlis, Jon Tomlinson, Jay Amor, Ana Cristina Oliveira, Dexter Fletcher, Ilan Krigsfeld, Joe Vida, David Yuzuk, Ryan Anthony, Danny Pardo, Gilbert Quintana, Jamie Foxx, Abdel Tornes, Nathan Russell, Patrick Michael Buckley, James Maurice Rowan Jr., Maxim Danilov, Gong Li, Arthur Bergman, Amir Aviram, Luis Tosar, Don Frye, Mike Pniewski, Oleg Taktarov, Andrew Rasputin, Paul Aldanée, Ashley Avis, Colin Farrell, Eric Bendross, Donald Dowd, Tara Cardinal, Claudine Oriol, Tony Curran, Julia Yarbrough, Kenny Acevedo, Isaach de Bankolé, Maria Leon, Deborah Demere, Marc Macaulay, Richard Katanga, Juanita Billue, Domenick Lombardozzi, Vivienne Sendaydiego";"Michael Mann";"Dion Beebe";"Michael Mann, Anthony Yerkovich";"Pieter Jan Brugge, Michael Mann, Anthony Yerkovich";"John Murphy";"6.1";"126024";"/1KGD2g0wOc7WBfHc5G19reLHQxk.jpg";"";"";"";"";"";"";"";"";"";"";"";"";"";"";"";"";"";"";"";"";"";"";"";"";"";"";"";"";"";"";"";"";"";"";"";"";"";"";"";"";"";"";"";"";"";"";"";"";"";"";"";"";"";"";"";"";"";"";"";"";"";"";"";"";"";"";"";"";"";"";"";"";"";"";"";"";"";"";"";"";"";"";"";"";"";""
